Quantity,SKU,UPC,Condition,Title,Type,Brand,Model,Short Description,Description,Long Description,Unique Selling Points,Key Features,Specifications,Item Specifics,Tags,Additional Attributes,Weight (unit),Length (unit),Width (unit),Height (unit),Price,Regular Price,Lowest Recorded Price,Highest Recorded Price,Currency,Sale Price,Date sale price starts,Date sale price ends,eBay Category Id,eBay Category,Google ID #,Google Category,Product Type,Color,Size,Dimensions,Material,Pattern,Style,Features,Occasion,Suggested Use,Ingredients,Fitment & Compatibility,Installation,Care Instructions,Key Benefits,History & Provenance,Condition Details,Authentication,Stock,Low stock amount,Backorders allowed?,Sold individually?,Tax status,Tax class,ePID,Shipping class,Images,Image 1,Image 2,Image 3,Image 4,Image 5,Image 6,Image 7,Image 8,Image 9,Image 10,Image 11,Image 12,Published,Is featured?,Visibility in catalog,Allow customer reviews?,Purchase Note,Download limit,Download expiry days,Parent,Grouped products,Upsells,Cross-sells,External URL,Button text,Position,Upload Status,EAN,GTIN,ID
5,,889698572705,New,Funko Pop! Wonder Woman 80th Anniversary White Lantern Glow Exclusive Vinyl Figure,,Funko,FUN57270,,Illuminate your collection with the Funko POP! Wonder Woman White Lantern #423  featuring a striking glow-in-the-dark design. This 3.75-inch vinyl figure depicts Wonder Woman in her radiant White Lantern suit  capturing her heroic essence and the power of the White Lantern. Packaged in a collector-friendly window display box  it?s perfect for showcasing in or out of the box. Ideal for DC Comics fans and Funko POP! collectors  this figure adds a luminous touch to any collection or makes a fantastic gift for any Wonder Woman enthusiast. Light up your collection with this glowing hero today!,,,,,,,,0.00 lb,,,,14.99,14.99,8.15,14.99,,,,,,,Toys & Games,"Toys & Games > Toys > Dolls, Playsets & Toy Figures",,purple,xxx-large,,,,,,,,,,,,,,,,,,,,,,,,"https://i5.walmartimages.com/asr/0a1b973d-9e99-4507-a6a3-ec98421ab837.cd4c0bcad6179d4bad4258c9e0169d29.jpeg?odnHeight=450&odnWidth=450&odnBg=ffffff, https://www.entertainmentearth.com/images/AUTOIMAGES/FU80W57270EElg.jpg",,,,,,,,,,,,,,,,,,,,,,,,,,,,889698572705,,
8,,889698540056,New,Funko POP! TV: Seinfeld - Kramer,,Funko,81892997,,Funko POP! TV: Seinfeld - Cosmo Kramer,,,,,,,,5.75 lbs,,,,23.98,23.98,4.98,23.98,,,,,,,Toys & Games,"Toys & Games > Toys > Dolls, Playsets & Toy Figures",,blue,xxx-large,,,,,,,,,,,,,,,,,,,,,,,,"https://i5.walmartimages.com/asr/d7d9207c-8591-47bc-ba81-03a73b988f87.b8d1a2b9e98b3b319ec29058d6b4c9a8.jpeg?odnHeight=450&odnWidth=450&odnBg=ffffff, http://mediacdn.aent-m.com/prod-img/500/02/3949202-2687398.jpg, https://pisces.bbystatic.com/prescaled/500/500/image2/BestBuy_US/images/products/6455/6455334_sd.jpg, https://target.scene7.com/is/image/Target/GUEST_ffa35045-8f07-4390-bc93-037d51eb3000?wid=1000&hei=1000, https://dynamic.indigoimages.ca//toys/889698540056.jpg?width=200&maxheight=200, https://www.entertainmentearth.com/images/AUTOIMAGES/FU54005lg.jpg, https://i5.walmartimages.ca/images/Large/707/852/6000203707852.jpg, http://media.gamestop.com/i/gamestop/11112471/Funko-POP-TV-Seinfeld-Cosmo-Kramer-4.75-in-Vinyl-Figure?$pdp2x$, https://images.fun.com/products/73075/3-2/pop-tv-seinfeld-kramer.jpg, https://img.grouponcdn.com/stores/jwgZGKDGDBBHBFdUpV3RhMBjyxx/storespi28966847-3333x2000/v1/t460x279.jpg?p=1",,,,,,,,,,,,,,,,,,,,,,,,,,,,889698540056,,
4,,889698561631,New,Funko POP! Teenage Mutant Ninja Turtles 2 - Rahzar Vinyl Figure #1137,,Teenage Mutant Ninja Turtles,238604,,Funko POP! Movies: Teenage Mutant Ninja Turtles 2 - Rahzar Splinter and the turtles will be shocked to see Rahzar in your Teenage Mutant Ninja Turtles collection. This battle goes beyond the sewers and Pop! Rahzar is ready to tear through his package to get to the action. Vinyl figure is approximately 4.15-inches tall.,,,,,,,,0 lbs,,,,23.99,23.99,5.99,23.99,CAD,,,,,,Toys & Games,"Toys & Games > Toys > Dolls, Playsets & Toy Figures",,blue,xxx-large,,,,,,,,,,,,,,,,,,,,,,,,"https://covers4.booksamillion.com/covers/gift/8/89/698/561/889698561631.jpg, https://i5.walmartimages.com/asr/87152e69-ea03-4dfd-8a04-4f93b029f7e1.0f9c484fe5ae18f569f23c9e81ef0313.jpeg?odnHeight=450&odnWidth=450&odnBg=ffffff, https://dynamic.indigoimages.ca//toys/889698561631.jpg?width=200&maxheight=200, https://c1.neweggimages.com/ProductImageCompressAll640/86-731-278-01.jpg, https://www.entertainmentearth.com/images/AUTOIMAGES/FU56163lg.jpg, http://media.gamestop.com/i/gamestop/11151547/Funko-POP-Movies-Teenage-Mutant-Ninja-Turtles-Secret-of-the-Ooze-Rahzar-4.15-in-Vinyl-Figure?$pdp$, https://images.fun.com/products/76399/1-2/funko-pop-movies-tmnt-2-rahzar.jpg",,,,,,,,,,,,,,,,,,,,,,,,,,,,889698561631,,
3,,889698592871,New,Funko Pop! Ride Deluxe: The Batman - Selina Kyle & Motorcycle Vinyl Figure,,Funko,301757,,Ride through the shadowy streets of Gotham with Selina Kyle as she fights for justice. Add the Pop! Rides Selina Kyle? on Motorcycle to your collection of The Batman. Vinyl figure is approximately 4.5-inches tall.,,,,,,,,4.69lb,,,,41,41,3.75,41,,,,,,,Toys & Games,"Toys & Games > Toys > Dolls, Playsets & Toy Figures",,Multicolor,,,,,,,,,,,,,,,,,,,,,,,,,"https://pisces.bbystatic.com/prescaled/500/500/image2/BestBuy_US/images/products/6492/6492990_sd.jpg, https://i5.walmartimages.com/asr/e9018b5f-6122-48a6-bb08-20296a0f1e4f.25c68845a65862bee04ebc678e46b3ee.png?odnHeight=450&odnWidth=450&odnBg=ffffff, https://target.scene7.com/is/image/Target/GUEST_a14256e2-8c59-413f-8b6f-6b219b078819?wid=1000&hei=1000, https://c1.neweggimages.com/ProductImageCompressAll640/86-731-313-03.jpg, https://www.entertainmentearth.com/images/AUTOIMAGES/FU59287lg.jpg, http://site.unbeatablesale.com/STRBN131633.JPG, http://media.gamestop.com/i/gamestop/11151400/Funko-POP-Rides--The-Batman-Selina-Kyle-on-Motorcycle-Vinyl-Figure?$pdp2x$, https://www.tfaw.com/media/catalog/product/s/t/stl202757.jpg, https://images.fun.com/products/80364/3-2/pop-ride-dlx-the-batman--selina-kyle-motorcycl.jpg",,,,,,,,,,,,,,,,,,,,,,,,,,,,889698592871,,
11,,889698507837,New,Funko POP! : Marvel Eternals #732 - Sprite With Collectible Card + Protector,,Funko,FUET50783W,,* Entertainment Earth Exclusive Collector Cards! * This Eternals Pop! Vinyl figure comes with one randomly selected collectible card. * Hunt for the rare and super-rare holographic chase cards! * Collect all the Pop!s and all 37 limited edition Funko trading cards! Entertainment Earth Exclusive Collector Cards! From the Marvel Cinematic Universe  comes the story of the Eternals! Join the fight against an ancient enemy with Pop! Vinyl figures and collectible cards based on the characters! This Eternals Druig Pop! Vinyl Figure measures approximately 3 3/4-inches tall and comes packaged in a window display box with one randomly selected limited edition card. Get yours while you still can since it s limited to only 3 024 pieces!,,,,,,,,0.050 kg,,,,11.99,11.99,7.99,11.99,,,,,,,Toys & Games,"Toys & Games > Toys > Dolls, Playsets & Toy Figures",,black,large,,,,,,,,,,,,,,,,,,,,,,,,"https://i5.walmartimages.com/asr/504ef59b-7f32-40f6-acf2-1fe0f6ad3180.d84c159f7fe6d93b00e2d7a3db9768a3.jpeg?odnHeight=450&odnWidth=450&odnBg=ffffff, https://www.entertainmentearth.com/images/AUTOIMAGES/FUET50783Rlg.jpg",,,,,,,,,,,,,,,,,,,,,,,,,,,,889698507837,,
1,,889698561600,New,Funko Pop! Vinyl Figure Movies: Teenage Mutant Ninja Turtles 2 - Donatello,,Funko,238598,,The turtles would get very far without their brother and skilled inventor Donatello. Donnie is here to help equip your Teenage Mutant Ninja Turtles collection with upgraded technology and weapons. Whether surfing the sewers or on a shelf  Pop! Donatello is ready to fight alongside his brothers. Vinyl figure is approximately 3.75-inches tall.,,,,,,,,0 lbs,,,,22.29,22.29,8.39,22.29,,,,,,,Toys & Games,"Toys & Games > Toys > Dolls, Playsets & Toy Figures",,blue,xxx-large,,,,,,,,,,,,,,,,,,,,,,,,"https://covers1.booksamillion.com/covers/gift/8/89/698/561/889698561600.jpg, https://i5.walmartimages.com/asr/742fce0a-a3c8-497f-aeb6-61c4cb01c1f7.62807a4a12d75c36c00a47b98e63f3ac.png?odnHeight=450&odnWidth=450&odnBg=ffffff, https://c1.neweggimages.com/ProductImageCompressAll640/AA76D22040819QRCOA0.jpg, https://www.entertainmentearth.com/images/AUTOIMAGES/FU56160lg.jpg, http://site.unbeatablesale.com/MNMR102406.JPG, http://media.gamestop.com/i/gamestop/11151544/Funko-POP-Movies-Teenage-Mutant-Ninja-Turtles-Secret-of-the-Ooze-Donatello-3.75-in-Vinyl-Figure?$pdp$, https://images.fun.com/products/76396/1-2/funko-pop-movies-tmnt-2-donatello.jpg",,,,,,,,,,,,,,,,,,,,,,,,,,,,889698561600,,
4,,889698547352,New,Pop Seinfeld Newman the Mailman Vinyl Figure (Other),,Funko,81893042,,Stylized collectable stands 3.75 inches tall  perfect for any Seinfeld fan!,,,,,,,,5.75 lbs,,,,27.98,27.98,3.48,27.98,,,,,,,Toys & Games,"Toys & Games > Toys > Dolls, Playsets & Toy Figures",,blue,xxx-large,,,,,,,,,,,,,,,,,,,,,,,,"https://i5.walmartimages.com/asr/8bcdad9d-c8ac-46c5-908c-7148e68d4a7c.1c39c407533e236af9497cdc09239c38.jpeg?odnHeight=450&odnWidth=450&odnBg=ffffff, http://mediacdn.aent-m.com/prod-img/500/07/3949207-2687404.jpg, https://mediacdn.aent-m.com/prod-img/500/07/3949207-2687404.jpg, https://pisces.bbystatic.com/prescaled/500/500/image2/BestBuy_US/images/products/6455/6455327_sd.jpg, https://slimages.macysassets.com/is/image/MCY/products/9/optimized/24064149_fpx.tif?wid=1200&fmt=jpeg&qlt=100, https://target.scene7.com/is/image/Target/GUEST_6d05ba55-f504-4019-9ee8-d0140158f02b?wid=1000&hei=1000, https://dynamic.indigoimages.ca//toys/889698547352.jpg?width=200&maxheight=200, https://www.entertainmentearth.com/images/AUTOIMAGES/FU54735lg.jpg, http://media.gamestop.com/i/gamestop/11112476/Funko-POP-TV-Seinfeld-Newman-the-Mailman-4-in-Vinyl-Figure?$pdp2x$, https://images.fun.com/products/73076/1-2/pop-tv-seinfeld-newman-the-mailman.jpg",,,,,,,,,,,,,,,,,,,,,,,,,,,,889698547352,,
2,,889698540049,New,Funko POP! TV: Seinfeld - Elaine in Dress,,Funko,81893004,,Funko POP! TV: Seinfeld - Elaine Benes in Dress,,,,,,,,5.75 lbs,,,,16.99,16.99,4.98,16.99,,,,,,,Toys & Games,"Toys & Games > Toys > Dolls, Playsets & Toy Figures",,blue,xxx-large,,,,,,,,,,,,,,,,,,,,,,,,"https://i5.walmartimages.com/asr/5e405a9f-0baf-4615-8d4d-a9aa07c33290.acc1d0d8c647da9a7825de17f7f0b784.jpeg?odnHeight=450&odnWidth=450&odnBg=ffffff, http://mediacdn.aent-m.com/prod-img/500/01/3949201-2687397.jpg, https://pisces.bbystatic.com/prescaled/500/500/image2/BestBuy_US/images/products/6455/6455332_sd.jpg, https://slimages.macysassets.com/is/image/MCY/products/6/optimized/23494666_fpx.tif?wid=1200&fmt=jpeg&qlt=100, https://target.scene7.com/is/image/Target/GUEST_1c0d594d-0019-451d-8dc6-42f2faee4f0c?wid=1000&hei=1000, https://dynamic.indigoimages.ca//toys/889698540049.jpg?width=200&maxheight=200, https://www.entertainmentearth.com/images/AUTOIMAGES/FU54004lg.jpg, https://i5.walmartimages.ca/images/Large/690/072/6000203690072.jpg, http://media.gamestop.com/i/gamestop/11112470/Funko-POP-TV-Seinfeld-Elaine-Benes-in-Dress-4-in-Vinyl-Figure?$pdp2x$, https://images.fun.com/products/73070/1-2/pop-tv-seinfeld-elaine-in-dress-figure.jpg",,,,,,,,,,,,,,,,,,,,,,,,,,,,889698540049,,
2,,889698547345,New,Funko POP! TV: Seinfeld - Jerry Doing Standup,,Funko,81893022,,Funko POP! TV: Seinfeld - Jerry Doing Standup,,,,,,,,5.75 lbs,,,,24.99,24.99,3.99,24.99,,,,,,,Toys & Games,"Toys & Games > Toys > Dolls, Playsets & Toy Figures",,blue,xxx-large,,,,,,,,,,,,,,,,,,,,,,,,"http://mediacdn.aent-m.com/prod-img/500/06/3949206-2687403.jpg, https://covers2.booksamillion.com/covers/gift/8/89/698/547/889698547345.jpg, https://pisces.bbystatic.com/prescaled/500/500/image2/BestBuy_US/images/products/6455/6455333_sd.jpg, https://slimages.macysassets.com/is/image/MCY/products/5/optimized/23508205_fpx.tif?wid=1200&fmt=jpeg&qlt=100, https://i5.walmartimages.com/asr/75c49dae-fe04-43fe-a9b4-1c6a1ed47869.f19d65a617fe3684a07d83c10a6aa753.jpeg?odnHeight=450&odnWidth=450&odnBg=ffffff, https://target.scene7.com/is/image/Target/GUEST_8a1f0137-28a4-4e77-9984-719a7e6887f1?wid=1000&hei=1000, https://dynamic.indigoimages.ca//toys/889698547345.jpg?width=200&maxheight=200, https://c1.neweggimages.com/ProductImageCompressAll640/A0ZXD230102147P3T53.jpg, https://www.entertainmentearth.com/images/AUTOIMAGES/FU54734lg.jpg, https://i5.walmartimages.ca/images/Large/690/075/6000203690075.jpg",,,,,,,,,,,,,,,,,,,,,,,,,,,,889698547345,,
1,,889698546782,New,Pop Seinfeld Elaine in Sombrero Vinyl Figure (Other),,Funko,81892987,,Stylized collectable stands 3.75 inches tall  perfect for any Seinfeld fan!,,,,,,,,5.75 lbs,,,,19.99,19.99,3.98,19.99,,,,,,,Toys & Games,"Toys & Games > Toys > Dolls, Playsets & Toy Figures",,blue,xxx-large,,,,,,,,,,,,,,,,,,,,,,,,"http://mediacdn.aent-m.com/prod-img/500/03/3949203-2687399.jpg, https://pisces.bbystatic.com/prescaled/500/500/image2/BestBuy_US/images/products/6455/6455335_sd.jpg, https://slimages.macysassets.com/is/image/MCY/products/2/optimized/24064892_fpx.tif?wid=1200&fmt=jpeg&qlt=100, https://i5.walmartimages.com/asr/0402e60e-8995-44bd-9e67-b5a39287e62c.075a989590b9fd32ce40f42ded6a0384.jpeg?odnHeight=450&odnWidth=450&odnBg=ffffff, https://target.scene7.com/is/image/Target/GUEST_3e46636f-7d93-49ac-866f-7a39478a16ae?wid=1000&hei=1000, https://dynamic.indigoimages.ca//toys/889698546782.jpg?width=200&maxheight=200, https://c1.neweggimages.com/ProductImageCompressAll640/AA76D22040819V9T29B.jpg, https://www.entertainmentearth.com/images/AUTOIMAGES/FU54678lg.jpg, http://media.gamestop.com/i/gamestop/11112472/Funko-POP-TV-Seinfeld-Elaine-Benes-in-Sombrero-4.25-in-Vinyl-Figure?$pdp2x$, https://images.fun.com/products/73071/1-2/pop-tv-seinfeld-elaine-in-sombrero.jpg",,,,,,,,,,,,,,,,,,,,,,,,,,,,889698546782,,
5,,889698592802,New,Funko Pop! Movies: The Batman - Oswald Cobblepot with Chase Styles May Vary,,Funko,301751,,Funko Pop! Movies: The Batman - Oswald Cobblepot with Chase Styles May Vary,,,,,,,,,,,,14.99,14.99,4.48,14.99,,,,,,,Toys & Games,"Toys & Games > Toys > Dolls, Playsets & Toy Figures",,Multicolor,,,,,,,,,,,,,,,,,,,,,,,,,"https://i5.walmartimages.com/asr/a9f4eb02-acc3-4e75-96d6-3712cfb83309.a05fd402eedd933246253b713ef8c810.jpeg?odnHeight=450&odnWidth=450&odnBg=ffffff, https://covers3.booksamillion.com/covers/gift/8/89/698/592/889698592802.jpg, https://pisces.bbystatic.com/prescaled/500/500/image2/BestBuy_US/images/products/6482/6482260_sd.jpg, https://slimages.macysassets.com/is/image/MCY/products/7/optimized/23006247_fpx.tif?wid=1200&fmt=jpeg&qlt=100, https://target.scene7.com/is/image/Target/GUEST_1c9ac302-0b6b-4647-8db8-2bc21714cf8d?wid=1000&hei=1000, https://www.entertainmentearth.com/images/AUTOIMAGES/FU59280lg.jpg, http://media.gamestop.com/i/gamestop/11151397/Funko-POP-Movies-The-Batman-Oswald-Cobblepot-Vinyl-Figure?$pdp2x$, https://www.tfaw.com/media/catalog/product/s/t/stl202975.jpg, https://images.fun.com/products/80361/1-2/pop-movies-the-batman--the-penguin-w-chase.jpg",,,,,,,,,,,,,,,,,,,,,,,,,,,,889698592802,,
21,,889698581882,New,Dia de los DC Bane Glow-in-the-Dark Pop! Vinyl Figure,,Funko,Entertainment Earth LLC,,Dia de los DC Bane Glow-in-the-Dark Pop! Vinyl Figure Dia de los DC Bane Glow-in-the-Dark Pop! Vinyl Figure Iconic Batman villain Bane joins Funkos Dia de los DC line with a unique design based on candy-skull art. The streets of Gotham are in for quite a surprise when this Dia de los DC Bane Glow-in-the-Dark Funko Pop! Figure - Entertainment Earth Exclusive arrives in town! Measuring about 3 3/4-inches tall he comes packaged in a window display box so you can easily add him to your DC Comics collection. And best of all he includes a glow-in-the-dark effect! Bane is truly a one-of-a-kind figure you do not want to miss!,,,,,,,,1.25 lbs,,,,19.99,19.99,5.66,19.99,,,,,,,Toys & Games,"Toys & Games > Toys > Dolls, Playsets & Toy Figures",,black,x-small,,,,,,,,,,,,,,,,,,,,,,,,"https://i5.walmartimages.com/asr/cda282a8-3d86-41be-ae2d-ded965e5df72.8285c047d9338e8f0c6cdd05684563ef.jpeg?odnHeight=450&odnWidth=450&odnBg=ffffff, https://c1.neweggimages.com/ProductImageCompressAll640/B1Z4S22011005B0UNA4.jpg, https://www.entertainmentearth.com/images/AUTOIMAGES/FUGBN58188EElg.jpg, https://cdn3.ykso.co/images/2022/11/21/14/637bd6e5c889bf11af3d31bc-transformed.jpeg, https://www.tfaw.com/media/catalog/product/A/U/AUG212601.jpg, https://images.fun.com/products/76355/1-2/dia-de-los-dc-bane-glow-in-the-dark-funko-pop-figure.jpg",,,,,,,,,,,,,,,,,,,,,,,,,,,,889698581882,,
2,,889698563109,New,Funko Pop! Games: Pokemon - Charmander Vinyl Figure,,Funko,82681599,,Your dream of becoming a Trainer is not out of reach! Catch this silver metallic Pop! Charmander to add to your Pok?mon collection. Vinyl figure is approximately 3.75-inches tall.,,,,,,,,5.75 lbs,,,,16.99,16.99,4.99,16.99,CAD,,,,,,Toys & Games,"Toys & Games > Toys > Dolls, Playsets & Toy Figures",,blue,xxx-large,,,,,,,,,,,,,,,,,,,,,,,,"https://covers2.booksamillion.com/covers/gift/8/89/698/563/889698563109.jpg, https://pisces.bbystatic.com/image2/BestBuy_US/images/products/6471/6471773cv11d.jpg, https://i5.walmartimages.com/asr/972f0a30-40d5-46fd-855d-f7b5f9af83f3.707de01c77890ac0a24601252c97a676.png?odnHeight=450&odnWidth=450&odnBg=ffffff, https://target.scene7.com/is/image/Target/GUEST_ec9268eb-bd46-442f-8fd4-ab55d2c88d87?wid=1000&hei=1000, https://dynamic.indigoimages.ca//toys/889698563109.jpg?width=200&maxheight=200, https://www.entertainmentearth.com/images/AUTOIMAGES/FU56310lg.jpg, http://media.gamestop.com/i/gamestop/11114540/Funko-POP-Games-Pokemon-Charmander-Metallic-3.75-in-Vinyl-Figure?$pdp$, https://images.fun.com/products/75583/1-2/funko-pop-games-pokemon-s7-charmander-sv-mt.jpg",,,,,,,,,,,,,,,,,,,,,,,,,,,,889698563109,,
13,,889698602372,New,Funko Pop! Star Wars: Book of Boba Fett - Fennec Shand Vinyl Bobblehead #481,,Funko,Funko,,Funko delivers a fun - and funky - stylized look to all your favorite pop culture licenses! From blockbuster movies and awesome animation to terrific television shows and pulse-pounding video games - there s an adorable stylized collectible Pop! vinyl figure just for you! Each stylized collectible stands 3 ? inches tall  perfect for any fan! Officially licensed.,,,,,,,,1.0000 pounds,,,,22.29,22.29,3.27,22.29,,,,,,,Toys & Games,Toys & Games,,purple,,,,,,,,,,,,,,,,,,,,,,,,,"https://covers1.booksamillion.com/covers/gift/8/89/698/602/889698602372.jpg, https://pisces.bbystatic.com/image2/BestBuy_US/images/products/6480/6480516cv11d.jpg, https://i5.walmartimages.com/asr/3d145e61-9d8a-413f-af4d-bb1b25731790.cef3132619bc7f6575987626c09d78f0.jpeg?odnHeight=450&odnWidth=450&odnBg=ffffff, https://target.scene7.com/is/image/Target/GUEST_8fdef26e-45b1-4155-a9c4-3ede52993bd7?wid=1000&hei=1000, https://c1.neweggimages.com/ProductImageCompressAll640/A0ZXD2205090SHUJRB4.jpg, https://www.entertainmentearth.com/images/AUTOIMAGES/FU60237lg.jpg, http://site.unbeatablesale.com/MNMR102435.JPG, http://media.gamestop.com/i/gamestop/11148712/Funko-POP-Star-Wars-The-Book-of-Boba-Fett-Fennec-Shand-Vinyl-Bobblehead?$pdp2x$, https://www.tfaw.com/media/catalog/product/f/e/fen1.jpg, https://images.fun.com/products/79722/1-2/pop-star-wars-book-of-bobba-fett--fennec-shand.jpg",,,,,,,,,,,,,,,,,,,,,,,,,,,,889698602372,,
2,,889698569200,New,POP Funko Retro Toys Motu Snake Man-at-Arms Specialty Series Figure #92,,Funko,Funko,,Finding the best way to show off your fandom of the best media out there is easier than ever with this Funko POP Vinyl: From top to bottom  this figurine has all the awesome details and style that you are looking for in a POP figurine. Whether it sits on your desk  office  or car  you will love seeing this and showing it off every day.,,,,,,,,,,,,11.99,11.99,4.99,11.99,,,,,,,Toys & Games,Toys & Games,,Multicolor,,,,,,,,,,,,,,,,,,,,,,,,,"https://i5.walmartimages.com/asr/84c8ab83-0eff-4be0-bc2d-6f4cbf599601.03ada443476c926ca76f9d92a3d0eb28.jpeg?odnHeight=450&odnWidth=450&odnBg=ffffff, https://www.tfaw.com/media/catalog/product/f/u/funk-56920.jpg, https://images.fun.com/products/79141/1-2/pop-vinyl-masters-of-the-universe-snake-man-at-arms-figure.jpg",,,,,,,,,,,,,,,,,,,,,,,,,,,,889698569200,,
5,,889698524292,New,Funko POP! Heroes: Imperial Palace - Harley,,Funko,Funko,,Funko POP! Heroes: Imperial Palace - Harley,,,,,,,,3.5 lbs,,,,1618.65,1618.65,4.99,1618.65,CAD,,,,,,Toys & Games,"Toys & Games > Toys > Dolls, Playsets & Toy Figures",,blue,xxx-large,,,,,,,,,,,,,,,,,,,,,,,,"https://covers1.booksamillion.com/covers/gift/8/89/698/524/889698524292.jpg, https://i5.walmartimages.com/asr/a59b532e-8211-45e4-b89a-7c0d1d7fa6e1.71d69d089b0e83aeb9c58896160f2f2f.png?odnHeight=450&odnWidth=450&odnBg=ffffff, https://target.scene7.com/is/image/Target/GUEST_9bd8d4bc-7c62-4abc-808a-6955333497a6?wid=1000&hei=1000, https://dynamic.indigoimages.ca//toys/889698524292.jpg?width=200&maxheight=200, https://www.entertainmentearth.com/images/AUTOIMAGES/FU52429lg.jpg, http://site.unbeatablesale.com/MNMR91648.JPG, https://i5.walmartimages.ca/images/Large/032/504/6000203032504.jpg, http://media.gamestop.com/i/gamestop/11104113/Funko-POP-Heroes-Imperial-Palace-Harley-Quinn-3.75-in-Vinyl-Figure?$pdp$, https://www.tfaw.com/media/catalog/product/5/2/52429_dc_imperialpalace_harleyquinn_pop_glam-web.jpg, https://images.fun.com/products/71101/1-2/pop-heroes-imperial-palace-harley-figure.jpg",,,,,,,,,,,,,,,,,,,,,,,,,,,,889698524292,,
2,,889698592529,New,Funko Pop! Movies: Rocky 45th - Rocky Balboa Vinyl Figure,,Funko,297972,,Celebrate the 45th anniversary of the movie Rocky by collecting Pop! Rocky Balboa and setting up a rematch with Apollo Creed in your collection. Vinyl figure is approximately 4.25-inches tall.,,,,,,,,0.00 lb,,,,18.99,18.99,8.99,18.99,,,,,,,Toys & Games,"Toys & Games > Toys > Dolls, Playsets & Toy Figures",,purple,xxx-large,,,,,,,,,,,,,,,,,,,,,,,,"http://mediacdn.aent-m.com/prod-img/500/26/3978326-2761254.jpg, https://covers2.booksamillion.com/covers/bam/0/88/969/859/0889698592529.jpg, https://pisces.bbystatic.com/image2/BestBuy_US/images/products/6482/6482259cv11d.jpg, https://i5.walmartimages.com/asr/4e9744c8-5f9d-4833-9833-6b7dc2aa0290.399b101762e3512f9598528c5fc78395.jpeg?odnHeight=450&odnWidth=450&odnBg=ffffff, https://target.scene7.com/is/image/Target/GUEST_856c5802-b51c-4165-a86f-942192292641?wid=1000&hei=1000, https://c1.neweggimages.com/ProductImageCompressAll640/AA76D2205040KHLJJ26.jpg, https://www.entertainmentearth.com/images/AUTOIMAGES/FU59252lg.jpg, http://media.gamestop.com/i/gamestop/11148656/Funko-POP-Movies-Rocky-45th-Anniversary-Rocky-Balboa-Vinyl-Figure?$pdp$, https://www.tfaw.com/media/catalog/product/J/A/JAN222203.jpg, https://images.fun.com/products/79568/1-2/pop-movies-rocky-45th-rocky-balboa.jpg",,,,,,,,,,,,,,,,,,,,,,,,,,,,889698592529,,
9,,889698563093,New,Funko POP! Games Vinyl Figure  Horsea  4.25,,Funko,82681602,,Your dream of becoming a Trainer is not out of reach! Catch this Pop! Horsea to add to your Pok?mon collection. Vinyl figure is approximately 4.25-inches tall.,,,,,,,,5.75 lbs,,,,14.95,14.95,4.99,14.95,CAD,,,,,,Toys & Games,"Toys & Games > Toys > Dolls, Playsets & Toy Figures",,blue,xxx-large,,,,,,,,,,,,,,,,,,,,,,,,"https://i5.walmartimages.com/asr/75826d50-24f8-4393-9460-a280002cb74d.911f935861152c48ddaa891b5e15e335.png?odnHeight=450&odnWidth=450&odnBg=ffffff, https://covers2.booksamillion.com/covers/gift/8/89/698/563/889698563093.jpg, https://pisces.bbystatic.com/prescaled/500/500/image2/BestBuy_US/images/products/6471/6471768_sd.jpg, https://target.scene7.com/is/image/Target/GUEST_c04a81be-5e67-4cb9-8ca5-f22b3ca259fd?wid=1000&hei=1000, https://dynamic.indigoimages.ca//toys/889698563093.jpg?width=200&maxheight=200, https://www.entertainmentearth.com/images/AUTOIMAGES/FU56309lg.jpg, http://media.gamestop.com/i/gamestop/11114539/Funko-POP-Games-Pokemon-Horsea-4.25-in-Vinyl-Figure?$pdp$, https://images.fun.com/products/75582/1-2/pop-games-pokemon-s7-horsea.jpg",,,,,,,,,,,,,,,,,,,,,,,,,,,,889698563093,,
3,,889698592536,New,Pop Matrix Resurrections Neo Vinyl Figure (Other),,Funko,297974,,Stylized collectable stands 3.75 inches tall  perfect for any Matrix fan!,,,,,,,,0.00 lb,,,,18.99,18.99,5,18.99,,,,,,,Arts & Entertainment,Arts & Entertainment,,White,,,,,,,,,,,,,,,,,,,,,,,,,"https://i5.walmartimages.com/asr/dce5ffca-b0e2-431e-bcf2-415c3bc3f03f.1fbbee6bc655546d58db8592deff07eb.jpeg?odnHeight=450&odnWidth=450&odnBg=ffffff, http://mediacdn.aent-m.com/prod-img/500/27/3978327-2764412.jpg, https://covers1.booksamillion.com/covers/gift/8/89/698/592/889698592536.jpg, https://pisces.bbystatic.com/image2/BestBuy_US/images/products/6482/6482251cv11d.jpg, https://target.scene7.com/is/image/Target/GUEST_0223826a-8791-445c-8b48-2e5d21a75341?wid=1000&hei=1000, https://c1.neweggimages.com/ProductImageCompressAll640/AA76D22040819ONQ347.jpg, https://www.entertainmentearth.com/images/AUTOIMAGES/FU59253lg.jpg, http://site.unbeatablesale.com/MNMR108957.JPG, http://media.gamestop.com/i/gamestop/11172252/Funko-POP-Movies-Matrix-Resurrections-Neo-Vinyl-Figure?$pdp2x$, https://www.tfaw.com/media/catalog/product/n/e/neo1.jpg",,,,,,,,,,,,,,,,,,,,,,,,,,,,889698592536,,
3,,889698507875,New,Funko Pop! Eternals: Kro Entertainment Exclusive Action Figure with Collectible Card,,POP!,50787,,Entertainment Earth Exclusive Collector Cards! From the Marvel Cinematic Universe  comes the story of the Eternals! Join the fight against an ancient enemy with Pop! Vinyl figures and collectible cards based on the characters! This Eternals Kro Pop! Vinyl Figure measures approximately 3 3/4-inches tall and comes packaged in a window display box with one randomly selected limited edition card. Get yours while you still can - it s limited to only 3 024 pieces! Available only at Entertainment Earth  this Eternals Pop! Vinyl figure includes one limited edition collectible trading card inside the Pop! box. Complete your collection by assembling the entire set  including the rare and super-rare holographic chase versions of each character card! Please note: Card selection is random. Cards are in blind packaging. We cannot accept requests for specific cards  nor can we accept returns on opened items. You may receive duplicates. Product Features 3.75 inches (9.5cm) Made of vinyl Urban stylized design Comes in window,,,,,,,,0.050 kg,,,,12.34,12.34,5.39,12.34,,,,,,,Toys & Games,"Toys & Games > Toys > Dolls, Playsets & Toy Figures",,black,large,,,,,,,,,,,,,,,,,,,,,,,,"https://i5.walmartimages.com/asr/be30ba57-6589-4605-b71d-2a417551e910.bce4e8bb214d1c87bb392f2f5afda670.jpeg?odnHeight=450&odnWidth=450&odnBg=ffffff, https://www.entertainmentearth.com/images/AUTOIMAGES/FUET50787Rlg.jpg",,,,,,,,,,,,,,,,,,,,,,,,,,,,889698507875,,
9,,889698606509,New,Pop Teenage Mutant Ninja Turtles Casey Jones Vinyl Figure (Other),,Funko,295483,,Stylized collectable stands 3.75 inches tall  perfect for any Teenage Mutant Ninja Turtles fan!,,,,,,,,,,,,14.99,14.99,6.48,14.99,,,,,,,Arts & Entertainment,Arts & Entertainment,,Multicolor,,,,,,,,,,,,,,,,,,,,,,,,,"https://covers2.booksamillion.com/covers/gift/8/89/698/606/889698606509.jpg, https://i5.walmartimages.com/asr/31927f5a-a7e7-48c5-87b7-7c9960c73799.32f1fd2af916d7e0fc50e71a1fda6d18.jpeg?odnHeight=450&odnWidth=450&odnBg=ffffff, https://www.entertainmentearth.com/images/AUTOIMAGES/DC218989lg.jpg, http://media.gamestop.com/i/gamestop/11171887/Funko-POP-Comics-Teenage-Mutant-Ninja-Turtles-Casey-Jones-Vinyl-Figure?$pdp2x$, https://www.tfaw.com/media/catalog/product/M/A/MAR218989.jpg, https://images.fun.com/products/83076/1-2/pop-comics-tmnt-casey-jones-px-vinyl-figure-w-bw-chase.jpg",,,,,,,,,,,,,,,,,,,,,,,,,,,,889698606509,,
7,,889698582865,New,Mandalorian Dark Trooper Grogu GITD Pop! Vinyl - EE Excl.,,Funko,FU58286,,Having trouble finding Baby Yoda? This Entertainment Earth Exclusive! Dark Trooper will help! Features glow-in-the-dark deco! Inspired by the Disney+ Star Wars: The Mandalorian series. Entertainment Earth Exclusive! Moff Gideon sends in the notorious Dark Troopers to capture the ultimate bounty - the  asset  known as The Child! Will they succeed? Based on Season 2  Episode 6 of the Disney+ Star Wars: The Mandalorian TV series  this exclusive Funko Pop! Vinyl figure features a Dark Trooper blasting off with a scared Grogu in hand. It even features glow-in-the-dark deco! Measuring roughly 3 3/4-inches tall  the Star Wars: The Mandalorian Dark Trooper with Grogu Glow-in-the-Dark Pop! Vinyl Figure #488 - Entertainment Earth Exclusive comes in window-box packaging. Order yours today! Grogu is known by many names - The Child  Baby Yoda  kid - but you probably know him best as the pint-sized Force-wielding hero in The Mandalorian whose origins are not completely clear. This adorable little green guy is the youngest,,,,,,,,0.00 lb,,,,16.99,16.99,8.94,16.99,,,,,,,Toys & Games,"Toys & Games > Toys > Dolls, Playsets & Toy Figures",,purple,xxx-large,,,,,,,,,,,,,,,,,,,,,,,,"https://covers2.booksamillion.com/covers/gift/8/89/698/582/889698582865.jpg, https://i5.walmartimages.com/asr/102cefe9-8b31-405d-b09c-d2266ee8c0c2.c091950db42868b1eb10eb425226f4fc.jpeg?odnHeight=450&odnWidth=450&odnBg=ffffff, https://www.entertainmentearth.com/images/AUTOIMAGES/FU66TC58286EElg.jpg, https://images.fun.com/products/78863/1-2/star-wars-the-mandalorian-dark-trooper-with-grogu.jpg",,,,,,,,,,,,,,,,,,,,,,,,,,,,889698582865,,
6,,889698561167,New,Bleach Ichigo Bankai Tensa Zangetsu Pop! Vinyl Figure AAA Anime Exclusive,,Funko,FU56116,,Bleach Ichigo Bankai Tensa Zangetsu Pop! Vinyl Figure AAA Anime Exclusive Bleach Ichigo Bankai Tensa Zangetsu Pop! Vinyl Figure AAA Anime Exclusive AAA Anime Exclusive! Soul Reapers  rejoice as the protagonist of Bleach slashes his way into your collection! Witness the full power of Ichigo s blade with this Bleach Ichigo Bankai Tensa Zangetsu Pop! Vinyl Figure - AAA Anime Exclusive. Showcasing his bankai form  Ichigo Kurosaki stands ready to strike down his foes with his powerful  pitch-black blade. Ichigo measures about 3 3/4-inches tall and comes in a window display box.,,,,,,,,0.00 lb,,,,34.99,34.99,10.96,34.99,,,,,,,Toys & Games,"Toys & Games > Toys > Dolls, Playsets & Toy Figures",,Ivory,OS,,,,,,,,,,,,,,,,,,,,,,,,"https://i5.walmartimages.com/asr/fcc60bc9-4f12-4903-af7c-dd47b32f71b1.8914b4748d5452eaa93c74628aa5f8a5.jpeg?odnHeight=450&odnWidth=450&odnBg=ffffff, https://covers.booksamillion.com/covers/gift/8/89/698/561/889698561167-1.jpg, https://www.entertainmentearth.com/images/AUTOIMAGES/AA56116lg.jpg, https://images.fun.com/products/84849/1-2/bleach-ichigo-bankai-tensa-zangetsu-pop-vinyl-figure.jpg",,,,,,,,,,,,,,,,,,,,,,,,,,,,889698561167,,
7,,889698546829,New,Seinfeld Jerry with Puffy Shirt Pop! Vinyl Figure  Not Mint,,Funko,81892976,,PACKAGING NOT GUARANTEED TO BE IN MINT CONDITION. NOT MINT ITEMS MAY SELL OUT AT ANY TIME. ORDERS MAY NOT BE FILLED. Relive the quirky misadventures of Jerry Seinfeld and his eccentric friends from the hit comedy series Seinfeld! This Seinfeld Yev Kassem Pop! Vinyl Figure #1088 measures approximately 3 3/4-inches tall. Comes packages in a window display box. Ages 3 and up,,,,,,,,5.75 lbs,,,,22.99,22.99,3.78,22.99,,,,,,,Toys & Games,"Toys & Games > Toys > Dolls, Playsets & Toy Figures",,blue,xxx-large,,,,,,,,,,,,,,,,,,,,,,,,"http://mediacdn.aent-m.com/prod-img/500/04/3949204-2687400.jpg, https://covers2.booksamillion.com/covers/gift/8/89/698/546/889698546829.jpg, https://pisces.bbystatic.com/prescaled/500/500/image2/BestBuy_US/images/products/6455/6455326_sd.jpg, https://slimages.macysassets.com/is/image/MCY/products/8/optimized/23494668_fpx.tif?wid=1200&fmt=jpeg&qlt=100, https://i5.walmartimages.com/asr/1f2b9b4c-b31e-4527-a980-120e7efdd4c1.89688e67763694fab7c00e76a744801c.jpeg?odnHeight=450&odnWidth=450&odnBg=ffffff, https://target.scene7.com/is/image/Target/GUEST_2f4abf01-bee9-42e9-80ee-c4a9df9dea22?wid=1000&hei=1000, https://dynamic.indigoimages.ca//toys/889698546829.jpg?width=200&maxheight=200, https://c1.neweggimages.com/ProductImageCompressAll640/AA76D22040819WJBW11.jpg, https://www.entertainmentearth.com/images/AUTOIMAGES/FU54682lg.jpg, http://media.gamestop.com/i/gamestop/11112473/Funko-POP-TV-Seinfeld-Jerry-Seinfeld-with-Puffy-Shirt-4.25-in-Vinyl-Figure?$pdp$",,,,,,,,,,,,,,,,,,,,,,,,,,,,889698546829,,
1,,849803050405,New,Dragon Ball Z Glow-in-the-Dark Super Saiyan Goku Pop! Vinyl Figure - Entertainment Earth Exclusive!,,Entertainment Earth,PDF00004571,Unleash the power! Get the Dragon Ball Z Glow-in-the-Dark Super Saiyan Goku Pop! Vinyl Figure by Entertainment Earth.,"Relive the epic battles of Dragon Ball Z with this electrifying Glow-in-the-Dark Super Saiyan Goku Pop! Vinyl Figure from Entertainment Earth. This collectible captures the iconic Saiyan hero in his Super Saiyan form, ready to unleash his power.

The highlight of this figure is its impressive glow-in-the-dark feature, allowing Goku to illuminate your collection with an otherworldly aura when the lights go out. Perfect for display, this vinyl figure is a must-have for any Dragon Ball Z enthusiast.",,"*   Exclusive Glow-in-the-Dark feature brings your favorite Saiyan to life in the dark.
*   Authentic Entertainment Earth collectible, a name trusted by fans.
*   Captures the iconic Super Saiyan Goku in a highly detailed Pop! Vinyl design.","*   Glow-in-the-Dark design for a striking visual effect
*   Iconic Super Saiyan Goku design
*   High-quality vinyl construction
*   From the popular Pop! Vinyl series","*   Brand: Entertainment Earth
*   Color: Black (Glow effect)
*   Dimensions: 4.5 X 3.5 X 6.3 inches","Brand: Entertainment Earth
Product Type: Vinyl Figure
Size: Standard Pop! Vinyl Size (approx. 3.75 inches tall, with packaging dimensions provided)
Color: Black (Glow-in-the-Dark)
Style: Collectible Figurine
Model: PDF00004571
Material: Vinyl
Pattern: Solid
Occasion: Any
Features: Glow-in-the-Dark
Dimensions: 4.5 X 3.5 X 6.3 inches
Weight: N/A","Pop! Vinyl
Dragon Ball Z
Super Saiyan Goku
Glow in the Dark
Collectible Figure
Entertainment Earth
Anime Merch
Manga Collectibles
DBZ Fan Gift
Vinyl Toy
Bobblehead
Action Figure
Pop Culture
Japanese Anime
Collectibles
Saiyan Warrior
Goku Figure
Pop Vinyl DBZ
Entertainment Earth Exclusive","SKU:
Condition: New
GTIN:
EAN: 849803050405
Google ID #: Toys & Games
Google Category: Toys & Games > Toys > Dolls, Playsets & Toy Figures > Bobblehead Figures
ePID: 305920048641
Currency:
Lowest Recorded Price: 4.99
Highest Recorded Price: 10000
Upload Status:
Image 1: https://i5.walmartimages.com/asr/23628f9e-8fb2-4af8-957c-1fab14ea576c_1.4fb145329691e730015b1aa8583b4351.jpeg?odnHeight=450&odnWidth=450&odnBg=ffffff
Image 2: https://i5.walmartimages.com/asr/960417c4-08f7-4076-99ba-de7354c0279a_1.1c74a4b7a502ecdccf7ff0668c009ed0.jpeg?odnHeight=450&odnWidth=450&odnBg=FFFFFF
Image 3: https://c1.neweggimages.com/ProductImageCompressAll640/A105_1_20161219607531323.jpg
Image 4: http://www.calendars.com/img/p/135/201700024266.jpg
Image 5: https://www.entertainmentearth.com/images/AUTOIMAGES/FU5040Rlg.jpg
Image 6: https://tshop.r10s.com/a41/e03/e06d/be32/a038/b301/02a0/1198e5b81b0050569958db.jpg?_ex=512x512
Image 7: http://images.11main.com/s3/11main-images/product/6892180/image/5e4c6332ffa396e2b931af9e4fc2db22.jpeg?width=200&height=200
Image 8: //d2lzb5v10mb0lj.cloudfront.net/covers_tfaw/400/fu/fu5040w.jpg
Image 9: https://images.fun.com/products/50235/1-2/dragon-ball-z-glow-in-the-dark-super-saiyan-goku-pop-figure.jpg
Image 10:
Image 11:
Image 12:",,,,,10000,10000,4.99,10000,,,,,,,Toys & Games,"Toys & Games > Toys > Dolls, Playsets & Toy Figures > Bobblehead Figures",,Black,,4.5 X 3.5 X 6.3 inches,,,,,,,,,,,,,,,,,,,,,305920048641,,"https://i5.walmartimages.com/asr/23628f9e-8fb2-4af8-957c-1fab14ea576c_1.4fb145329691e730015b1aa8583b4351.jpeg?odnHeight=450&odnWidth=450&odnBg=ffffff, https://i5.walmartimages.com/asr/960417c4-08f7-4076-99ba-de7354c0279a_1.1c74a4b7a502ecdccf7ff0668c009ed0.jpeg?odnHeight=450&odnWidth=450&odnBg=FFFFFF, https://c1.neweggimages.com/ProductImageCompressAll640/A105_1_20161219607531323.jpg, http://www.calendars.com/img/p/135/201700024266.jpg, https://www.entertainmentearth.com/images/AUTOIMAGES/FU5040Rlg.jpg, https://tshop.r10s.com/a41/e03/e06d/be32/a038/b301/02a0/1198e5b81b0050569958db.jpg?_ex=512x512, http://images.11main.com/s3/11main-images/product/6892180/image/5e4c6332ffa396e2b931af9e4fc2db22.jpeg?width=200&height=200, //d2lzb5v10mb0lj.cloudfront.net/covers_tfaw/400/fu/fu5040w.jpg, https://images.fun.com/products/50235/1-2/dragon-ball-z-glow-in-the-dark-super-saiyan-goku-pop-figure.jpg",,,,,,,,,,,,,,,,,,,,,,,,,,,,849803050405,,
1,,889698546850,New,Funko POP! TV Seinfeld Soup Nazi Yev Kassem Vinyl Figure #82039855,,Funko,82039855,Bring home the iconic Soup Nazi from Seinfeld! This Funko POP! vinyl figure captures Yev Kassem in all his glory.,"Don't miss out on adding the legendary Yev Kassem, famously known as the Soup Nazi from the beloved sitcom Seinfeld, to your collection! This meticulously crafted Funko POP! vinyl figure brings this unforgettable character to life, perfect for any fan of the show.

*   **Iconic Character:** Features Yev Kassem, the formidable proprietor of the soup kitchen with his strict rules.
*   **Premium Quality:** Made from high-quality vinyl for durability and display.
*   **Collector's Item:** A must-have for any Seinfeld enthusiast or Funko POP! collector.
*   **Display Ready:** Comes in a window display box, allowing you to showcase it without opening.

This vinyl figure is new and ready to be displayed on your shelf. Whether you're a long-time fan of Seinfeld or just starting your Funko POP! journey, this Soup Nazi figure is a fantastic addition.

**Add the Funko POP! TV Seinfeld - Yev Kassem (Soup Nazi) to your cart today and relive your favorite Seinfeld moments!**",,"*   Authentic Funko POP! collectible.
*   Features the highly recognizable ""Soup Nazi"" character from Seinfeld.
*   Ideal gift for Seinfeld fans and vinyl figure collectors.","*   Iconic Seinfeld character.
*   Durable vinyl construction.
*   Window display packaging.","*   Brand: Funko
*   Height: Approximately 3.75 inches (standard POP! size)
*   Material: Vinyl","Brand: Funko
Product Type: Vinyl Figure
Size: Standard POP! Size (approx. 3.75 inches)
Color: Blue
Style: Collectible
Model: 82039855
Material: Vinyl
Pattern: N/A
Occasion: N/A
Features: N/A
Dimensions: N/A
Weight: 5.75 lbs","Funko POP
Seinfeld
Soup Nazi
Yev Kassem
Vinyl Figure
TV Series
Collectible Toy
Pop Culture
82039855
Funko Seinfeld
Sitcom Memorabilia
Action Figure
Toy","UPC: 889698546850
Condition: New
EAN: 889698546850
Google ID #: Toys & Games
Google Category: Toys & Games > Toys > Dolls, Playsets & Toy Figures
Lowest Recorded Price: 4.98
Highest Recorded Price: 22.95

Image 1: http://mediacdn.aent-m.com/prod-img/500/05/3949205-2687402.jpg
Image 2: https://mediacdn.aent-m.com/prod-img/500/05/3949205-2687402.jpg
Image 3: https://pisces.bbystatic.com/prescaled/500/500/image2/BestBuy_US/images/products/6455/6455330_sd.jpg
Image 4: https://slimages.macysassets.com/is/image/MCY/products/3/optimized/24064143_fpx.tif?wid=1200&fmt=jpeg&qlt=100
Image 5: https://i5.walmartimages.com/asr/8f1754b5-2d41-4fe5-8e8d-23f5bd73797b.0939fe013324621cc4786723509cd254.jpeg?odnHeight=450&odnWidth=450&odnBg=ffffff
Image 6: https://target.scene7.com/is/image/Target/GUEST_44c3d5c3-38b0-4f93-bf38-7f7d87bc50c9?wid=1000&hei=1000
Image 7: https://dynamic.indigoimages.ca//toys/889698546850.jpg?width=200&maxheight=200
Image 8: https://www.entertainmentearth.com/images/AUTOIMAGES/FU54685lg.jpg
Image 9: http://media.gamestop.com/i/gamestop/11112474/Funko-POP-TV-Seinfeld-Yev-Kassem-4.25-in-Vinyl-Figure?$pdp2x$
Image 10: https://images.fun.com/products/73077/1-2/pop-tv-seinfeld-yev-kassem.jpg",5.75 lbs,,,,22.95,22.95,4.98,22.95,,,,,,,Toys & Games,"Toys & Games > Toys > Dolls, Playsets & Toy Figures",,blue,xxx-large,,,,,,,,,,,,,,,,,,,,,,,,"http://mediacdn.aent-m.com/prod-img/500/05/3949205-2687402.jpg, https://mediacdn.aent-m.com/prod-img/500/05/3949205-2687402.jpg, https://pisces.bbystatic.com/prescaled/500/500/image2/BestBuy_US/images/products/6455/6455330_sd.jpg, https://slimages.macysassets.com/is/image/MCY/products/3/optimized/24064143_fpx.tif?wid=1200&fmt=jpeg&qlt=100, https://i5.walmartimages.com/asr/8f1754b5-2d41-4fe5-8e8d-23f5bd73797b.0939fe013324621cc4786723509cd254.jpeg?odnHeight=450&odnWidth=450&odnBg=ffffff, https://target.scene7.com/is/image/Target/GUEST_44c3d5c3-38b0-4f93-bf38-7f7d87bc50c9?wid=1000&hei=1000, https://dynamic.indigoimages.ca//toys/889698546850.jpg?width=200&maxheight=200, https://www.entertainmentearth.com/images/AUTOIMAGES/FU54685lg.jpg, http://media.gamestop.com/i/gamestop/11112474/Funko-POP-TV-Seinfeld-Yev-Kassem-4.25-in-Vinyl-Figure?$pdp2x$, https://images.fun.com/products/73077/1-2/pop-tv-seinfeld-yev-kassem.jpg",,,,,,,,,,,,,,,,,,,,,,,,,,,,889698546850,,
1,,889698507851,New,Eternals Makkari Funko Pop! & EE Exclusive Card - Limited Edition Marvel Collectible!,,Funko,734,"Grab the Entertainment Earth Exclusive Makkari Funko Pop! with a collectible card. Limited to 3,024. Hunt for rare holographic chases!","Unleash the speed of the Eternals with this Entertainment Earth Exclusive Makkari Funko Pop! Vinyl Figure and Collectible Card set! Straight from the Marvel Cinematic Universe, this Makkari figure is a must-have for any fan looking to expand their collection.

*   **Exclusive Collector Cards:** Each Pop! Vinyl figure comes with one randomly selected, limited edition Funko trading card.
*   **Chase the Holographic Cards:** You could find rare and super-rare holographic chase cards to add even more value and excitement to your collection.
*   **Complete the Set:** There are 37 limited edition Funko trading cards to collect, and this Makkari figure is your first step to completing the entire series!
*   **Iconic Character:** Bring the power of Makkari into your home and join the fight against an ancient enemy.
*   **Limited Edition:** This highly sought-after collectible is strictly limited to only 3,024 pieces worldwide, making it a truly special find.

This Makkari Pop! Vinyl Figure stands approximately 3 3/4-inches tall and is presented in a window display box, perfect for showcasing. It includes one randomly selected limited edition collectible trading card inside the Pop! box.

Don't miss out on this chance to own a piece of the Eternals saga. Get yours while you still can!

**Add to Cart** and start your collection today!",,"*   Entertainment Earth Exclusive
*   Includes a randomly selected limited edition Funko trading card
*   Limited to only 3,024 pieces
*   Opportunity to find rare holographic chase cards","*   Makkari Pop! Vinyl Figure
*   Collectible Trading Card
*   Window Display Box
*   Marvel Cinematic Universe Theme","*   Character: Makkari
*   Universe: Marvel Cinematic Universe - Eternals
*   Figure Height: Approximately 3 3/4-inches
*   Edition Size: Limited to 3,024 pieces","Brand: Funko
Product Type: Pop! Vinyl Figure & Trading Card
Size: Standard Pop! Vinyl Size
Color: black
Style: Collectible Figure
Model: 734
Material: Vinyl
Pattern: Solid
Occasion: Any
Features: Exclusive Collectible Card
Dimensions: [Size - Please Inquire]
Weight: 0.050 kg","Eternals
Makkari
Funko Pop!
Vinyl Figure
Entertainment Earth Exclusive
Marvel
MCU
Collectible Card
Limited Edition
Holographic Chase Card
Funko Trading Cards
Marvel Collectible
Superhero Figure
Pop Culture
Toys & Games
Makkari Figure","SKU:
Condition: New
GTIN:
EAN: 889698507851
Google ID #: Toys & Games
Google Category: Toys & Games > Toys > Dolls, Playsets & Toy Figures
ePID:
Currency:
Lowest Recorded Price: 9.99
Highest Recorded Price: 11.99
Upload Status:
Image 1: https://i5.walmartimages.com/asr/3f60963e-97a3-4922-9ca4-f3bad23ade6c.9c657ff8ac4eb9493ea875ef123b6e07.jpeg?odnHeight=450&odnWidth=450&odnBg=ffffff
Image 2: https://www.entertainmentearth.com/images/AUTOIMAGES/FUET50785Wlg.jpg
Image 3:
Image 4:
Image 5:
Image 6:
Image 7:
Image 8:
Image 9:
Image 10:
Image 11:
Image 12:",0.050 kg,,,,11.99,11.99,9.99,11.99,,,,,,,Toys & Games,"Toys & Games > Toys > Dolls, Playsets & Toy Figures",,black,large,,,,,,,,,,,,,,,,,,,,,,,,"https://i5.walmartimages.com/asr/3f60963e-97a3-4922-9ca4-f3bad23ade6c.9c657ff8ac4eb9493ea875ef123b6e07.jpeg?odnHeight=450&odnWidth=450&odnBg=ffffff, https://www.entertainmentearth.com/images/AUTOIMAGES/FUET50785Wlg.jpg",,,,,,,,,,,,,,,,,,,,,,,,,,,,889698507851,,
1,,889698507882,New,Funko POP! Eternals Dane Whitman #738 EE Exclusive w/ Collectible Card,,Funko,889698507882,"EE Exclusive! Funko POP! Dane Whitman #738 from Marvel's Eternals. Includes collectible card, chance for chase variants! Limited edition of 3,024 pieces.","Bring the Marvel Cinematic Universe's Eternals to your collection with this exciting Funko POP! Dane Whitman figure! This is an Entertainment Earth Exclusive, featuring a randomly selected collectible trading card with each figure. You could even find rare and super-rare holographic chase cards!

Collect all the POP! Vinyl figures from Eternals and build your collection of all 37 limited edition Funko trading cards. This Dane Whitman Pop! Vinyl Figure stands approximately 3 3/4-inches tall and comes packaged in a classic window display box, perfect for showcasing your new acquisition.

Don't miss out on this limited edition release, strictly limited to only 3,024 pieces worldwide! This is a must-have for any Marvel fan and Funko collector. Add this unique piece to your collection today!",,"* Entertainment Earth Exclusive with collector card
* Limited Edition of 3,024 pieces
* Chance to find rare holographic chase cards
* Collect all 37 limited edition Funko trading cards","* Funko POP! Vinyl figure of Dane Whitman
* Includes one randomly selected collectible card
* Approximately 3 3/4-inches tall
* Packaged in a window display box","* Brand: Funko
* Product Line: POP! Marvel Studios Eternals
* UPC: 889698507882
* Condition: New","Brand: Funko
Product Type: Collectible Vinyl Figure
Size: Approximately 3.75 inches
Color: Black
Style: Pop! Vinyl
Model: 889698507882
Material: Vinyl
Pattern: N/A
Occasion: N/A
Features: Includes collectible card, Entertainment Earth Exclusive
Dimensions: N/A
Weight: 0.050 kg","Funko POP!
Marvel
Eternals
Dane Whitman
Funko Exclusive
Entertainment Earth
Collectible Card
Vinyl Figure
Marvel Cinematic Universe
MCU
Pop Vinyl
Limited Edition
#738
Toys & Games
Action Figures
Collectibles","Condition: New
EAN: 889698507882
Google Category: Toys & Games > Toys > Dolls, Playsets & Toy Figures
Lowest Recorded Price: 7.99
Highest Recorded Price: 14.99",0.050 kg,,,,14.99,14.99,7.99,14.99,,,,,,,Toys & Games,"Toys & Games > Toys > Dolls, Playsets & Toy Figures",,black,large,,,,,,,,,,,,,,,,,,,,,,,,"https://i5.walmartimages.com/asr/65333836-f38a-4ee0-9351-e241f2c214cb.eece13e4bfd00566f28502f8df9d6a6f.jpeg?odnHeight=450&odnWidth=450&odnBg=ffffff, https://www.entertainmentearth.com/images/AUTOIMAGES/FUET50788Wlg.jpg",,,,,,,,,,,,,,,,,,,,,,,,,,,,889698507882,,
1,,889698507905,New,Funko POP! Marvel Eternals Phastos #736 EE Exclusive w/ Collectible Card,,Funko,50790,"Entertainment Earth Exclusive! Phastos Funko POP! #736 with a random collector card. Hunt for chase cards. Limited to 3,024 pieces!","Bring the Marvel Cinematic Universe's Eternals to your collection with this exclusive Funko POP! Vinyl figure of Phastos! This highly sought-after figure (Phastos #736) is an Entertainment Earth Exclusive and comes with a special bonus: one randomly selected collectible card featuring characters from the Eternals saga.

Dive into the epic story of the Eternals as they battle an ancient enemy. This Pop! Vinyl figure captures Phastos in his iconic style, standing approximately 3 3/4-inches tall. It's packaged in a classic window display box, perfect for showcasing on your shelf.

**Entertainment Earth Exclusive Collector Cards!**
* Each Eternals Pop! Vinyl figure includes one randomly selected collectible card.
* Discover rare and super-rare holographic chase cards to add extra excitement to your collection.
* Aim to collect all the Pop!s and all 37 limited edition Funko trading cards for the complete set!

This is a must-have for any Marvel or Funko collector. With a strict limitation of only 3,024 pieces, this Entertainment Earth Exclusive Phastos Pop! Vinyl figure is a true collector's item. Don't miss your chance to own a piece of the Eternals legacy!

**Add to Cart now to secure yours before they're gone!**",,"* Entertainment Earth Exclusive edition.
* Includes a randomly selected collectible card.
* Limited edition of only 3,024 pieces.
* Hunt for rare holographic chase cards.
* Commemorates Marvel Studios' Eternals.","* Phastos #736 Funko POP! Vinyl Figure.
* Includes one random limited edition collector card.
* Stands approximately 3 3/4-inches tall.
* Packaged in a window display box.
* Officially licensed Marvel Studios product.","* Brand: Funko
* Product Type: Vinyl Figure
* Character: Phastos
* Series: Marvel Studios Eternals
* Edition: EE Exclusive
* UPC: 889698507905","Brand: Funko
Product Type: Vinyl Figure
Size: Approx. 3 3/4-inches tall
Color: black
Style: Collectible Figure
Model: 50790
Material: Vinyl
Pattern: N/A
Occasion: Collectible
Features: Exclusive, Includes Collector Card
Dimensions: N/A
Weight: 0.050 kg","Funko POP!
Marvel
Eternals
Phastos
#736
Entertainment Earth Exclusive
EE Exclusive
Vinyl Figure
Collectible Card
Collectible
Marvel Cinematic Universe
MCU
Phastos Figure
Funko Exclusive
Limited Edition
Chase Card
Holographic Chase Card
Toys & Games
Action Figures","SKU: N/A
Condition: New
GTIN: N/A
EAN: 889698507905
Google ID #: Toys & Games
Google Category: Toys & Games > Toys > Dolls, Playsets & Toy Figures
ePID: N/A
Currency: N/A
Lowest Recorded Price: 9.97
Highest Recorded Price: 14.49
Upload Status: N/A
Image 1: https://i5.walmartimages.com/asr/0b18a977-543b-4753-bd04-e4afd4954f13.f1950d9c82658a8e59b00df244df99b4.jpeg?odnHeight=450&odnWidth=450&odnBg=ffffff
Image 2: https://www.entertainmentearth.com/images/AUTOIMAGES/FUET50790Rlg.jpg
Image 3: N/A
Image 4: N/A
Image 5: N/A
Image 6: N/A
Image 7: N/A
Image 8: N/A
Image 9: N/A
Image 10: N/A
Image 11: N/A
Image 12: N/A",0.050 kg,,,,14.49,14.49,9.97,14.49,,,,,,,Toys & Games,"Toys & Games > Toys > Dolls, Playsets & Toy Figures",,black,large,,,,,,,,,,,,,,,,,,,,,,,,"https://i5.walmartimages.com/asr/0b18a977-543b-4753-bd04-e4afd4954f13.f1950d9c82658a8e59b00df244df99b4.jpeg?odnHeight=450&odnWidth=450&odnBg=ffffff, https://www.entertainmentearth.com/images/AUTOIMAGES/FUET50790Rlg.jpg",,,,,,,,,,,,,,,,,,,,,,,,,,,,889698507905,,
1,,889698507844,New,Funko POP! Marvel: Eternals - Druig (With Collector Card Exclusive),,Funko,4,,* Entertainment Earth Exclusive Collector Cards! * This Eternals Pop! Vinyl figure comes with one randomly selected collectible card. * Hunt for the rare and super-rare holographic chase cards! * Collect all the Pop!s and all 37 limited edition Funko trading cards! Entertainment Earth Exclusive Collector Cards! From the Marvel Cinematic Universe  comes the story of the Eternals! Join the fight against an ancient enemy with Pop! Vinyl figures and collectible cards based on the characters! This Eternals Druig Pop! Vinyl Figure measures approximately 3 3/4-inches tall and comes packaged in a window display box with one randomly selected limited edition card. Get yours while you still can since it s limited to only 3 024 pieces!,,,,,,,,0.050 kg,,,,14.95,14.95,10.4,14.95,,,,,,,Toys & Games,"Toys & Games > Toys > Dolls, Playsets & Toy Figures",,black,large,,,,,,,,,,,,,,,,,,,,,,,,"https://i5.walmartimages.com/asr/686c30af-8e31-47ab-aadd-5bf4004e0dd4.d775394cb20084a1477f2dd3a9f247fc.jpeg?odnHeight=450&odnWidth=450&odnBg=ffffff, https://www.entertainmentearth.com/images/AUTOIMAGES/FUET50784Rlg.jpg",,,,,,,,,,,,,,,,,,,,,,,,,,,,889698507844,,
1,,889698507820,New,Eternals Kingo Pop! Vinyl Figure + EE Exclusive Card | Marvel MCU Collectible,,Funko,FUET50782W,"Entertainment Earth Exclusive! Eternals Kingo Pop! Vinyl with collectible card. Limited to 3,024 pieces! Hunt for holographic chases.","Bring the Marvel Cinematic Universe's Eternals to your collection with this exclusive Kingo Pop! Vinyl Figure! This exciting collectible features Kingo from the epic Eternals saga, ready to join your display.

As an Entertainment Earth Exclusive, each figure comes packaged with one randomly selected, limited edition collectible card. You could even be lucky enough to find rare and super-rare holographic chase cards! Complete your collection by gathering all the Pop! figures and the full set of 37 limited edition Funko trading cards.

This Eternals Kingo Pop! Vinyl Figure stands approximately 3 3/4-inches tall and is presented in a vibrant window display box, perfect for showcasing your new piece. With a strict edition limit of only 3,024 pieces worldwide, this is a must-have for any Marvel fan. Get yours today before they're gone!

**Unique Selling Points:**
*   Entertainment Earth Exclusive with collectible card.
*   Limited edition, only 3,024 pieces available.
*   Chance to find rare holographic chase cards.
*   Part of a larger collectible series of 37 trading cards.

**Key Features:**
*   Official Funko Pop! Vinyl Figure.
*   Features the character Kingo from Marvel's Eternals.
*   Includes one randomly selected collectible trading card.

**Specifications:**
*   Product Type: Vinyl Figure
*   Height: Approximately 3 3/4-inches tall
*   Packaging: Window display box",,,,,"Brand: Funko
Product Type: Vinyl Figure
Size: N/A
Color: black
Style: N/A
Model: FUET50782W
Material: Vinyl
Pattern: N/A
Occasion: N/A
Features: Collectible Card Included
Dimensions: N/A
Weight: 0.050 kg","Eternals
Kingo
Funko Pop
Vinyl Figure
Marvel
MCU
Entertainment Earth
Exclusive
Collectible Card
Limited Edition
Holographic Chase Card
Funko Trading Cards
Druig Pop! Vinyl Figure (Note: The provided description erroneously mentions Druig while the title specifies Kingo. This tag reflects the description's content for broader searchability.)
Toys & Games
Action Figure
Pop Culture","SKU:
Condition: New
GTIN:
EAN: 889698507820
Google ID #: Toys & Games
Google Category: Toys & Games > Toys > Dolls, Playsets & Toy Figures
ePID:
Currency:
Lowest Recorded Price: 5.4
Highest Recorded Price: 11.99
Upload Status:
Image 1: https://i5.walmartimages.com/asr/d1608fd4-7443-43da-840b-0a4e063c6a52.d782e273d16cc001a0ed7d4261bfd384.jpeg?odnHeight=450&odnWidth=450&odnBg=ffffff
Image 2: https://www.entertainmentearth.com/images/AUTOIMAGES/FUET50782Wlg.jpg
Image 3:
Image 4:
Image 5:
Image 6:
Image 7:
Image 8:
Image 9:
Image 10:
Image 11:
Image 12:",0.050 kg,,,,11.99,11.99,5.4,11.99,,,,,,,Toys & Games,"Toys & Games > Toys > Dolls, Playsets & Toy Figures",,black,large,,,,,,,,,,,,,,,,,,,,,,,,"https://i5.walmartimages.com/asr/d1608fd4-7443-43da-840b-0a4e063c6a52.d782e273d16cc001a0ed7d4261bfd384.jpeg?odnHeight=450&odnWidth=450&odnBg=ffffff, https://www.entertainmentearth.com/images/AUTOIMAGES/FUET50782Wlg.jpg",,,,,,,,,,,,,,,,,,,,,,,,,,,,889698507820,,
1,,889698414043,New,Funko POP! Felix The Cat Silver #526 Exclusive Collectible Vinyl Figure,,Funko,414043,Bring home the classic charm of Felix the Cat with this exclusive Silver Funko POP! #526 vinyl figure.,"Add a touch of iconic animation to your collection with the Funko POP! Felix The Cat [Silver] #526 Exclusive. This officially licensed vinyl figure captures the timeless appeal of the beloved cartoon character in a stylized, eye-catching design. Perfect for collectors and fans alike, this exclusive edition features a sleek silver finish that makes it stand out.

*   **Iconic Character:** Features the legendary Felix the Cat in a classic pose.
*   **Exclusive Silver Finish:** A special edition with a unique silver colorway.
*   **High-Quality Vinyl:** Durable and detailed Funko POP! vinyl construction.
*   **Collectible Packaging:** Comes in a display-ready window box.
*   **Perfect for Display:** Stands approximately 3.75 inches tall, ideal for shelves, desks, or display cases.

This Funko POP! figure is brand new and ready to join your collection. Don't miss out on this exclusive piece that celebrates a true animation legend. Grab yours today to add a splash of vintage cool to your home!",,"*   Exclusive Silver variant of the iconic Felix the Cat Funko POP!
*   Officially licensed and highly collectible.
*   Features a classic, recognizable character design.","*   Stylized vinyl figure of Felix the Cat.
*   Exclusive silver colorway.
*   Stands 3.75 inches tall.","*   Brand: Funko
*   Character: Felix The Cat
*   Model Number: 414043
*   Figure Type: Vinyl Bobblehead","Brand: Funko
Product Type: Collectible Figure
Size: 3.75 inches
Color: Silver
Style: Bobblehead
Model: 414043
Material: Vinyl
Pattern: Solid
Occasion: Any
Features: Exclusive, Collectible
Dimensions: [Size - Please Inquire]
Weight: [Weight - Please Inquire]","Funko POP
Felix The Cat
Silver Exclusive
Funko #526
Collectible Figure
Vinyl Toy
Animation Collectibles
Cartoon Character
Toy Figure
Gift for Collectors
Pop Culture
Iconic Cartoon
Exclusive Edition
Funko Vinyl
Felix The Cat Toy
#526 POP","SKU:
Condition: New
GTIN:
EAN: 889698414043
Google ID #: Toys & Games
Google Category: Toys & Games > Toys > Dolls, Playsets & Toy Figures > Bobblehead Figures
ePID: 275751162040
Currency:
Lowest Recorded Price: 17.01
Highest Recorded Price: 34
Upload Status:
Image 1: https://i5.walmartimages.com/asr/901de2c8-3ca9-4ff9-85d4-0cf7d1e1b2f4.7a70e576daabb94a136a0d5dfb25ca93.jpeg?odnHeight=450&odnWidth=450&odnBg=ffffff
Image 2:
Image 3:
Image 4:
Image 5:
Image 6:
Image 7:
Image 8:
Image 9:
Image 10:
Image 11:
Image 12:",,,,,34,34,17.01,34,,,,,,,Toys & Games,"Toys & Games > Toys > Dolls, Playsets & Toy Figures > Bobblehead Figures",,,,,,,,,,,,,,,,,,,,,,,,,275751162040,,https://i5.walmartimages.com/asr/901de2c8-3ca9-4ff9-85d4-0cf7d1e1b2f4.7a70e576daabb94a136a0d5dfb25ca93.jpeg?odnHeight=450&odnWidth=450&odnBg=ffffff,,,,,,,,,,,,,,,,,,,,,,,,,,,,889698414043,,
1,,889698565189,New,"Funko Pop TMNT 2 Super Shredder Vinyl Figure - 3.75"" Collectible Toy",,Funko,238634,"Iconic Funko Pop Super Shredder from TMNT 2! Stands 3.75"" tall, perfect for collectors.","Bring home the power of the Teenage Mutant Ninja Turtles with this highly detailed Funko Pop! vinyl figure of Super Shredder. Straight from ""Teenage Mutant Ninja Turtles II: The Secret of the Ooze,"" this stylized collectible captures the menacing presence of the Turtles' arch-nemesis. Standing at an iconic 3.75 inches tall, it's the perfect size to display on your desk, shelf, or in your collection.

This Super Shredder figure is a must-have for any TMNT fan, offering a unique take on the classic villain. Its vibrant blue color and detailed sculpting make it stand out. As a new item, it's ready to join your roster of heroic or villainous characters.

**Key Features:**
*   Iconic Super Shredder design from TMNT 2
*   Stylized Funko Pop! vinyl figure
*   Stands approximately 3.75 inches tall
*   Vibrant blue color scheme
*   New condition, ready for your collection

**Specifications:**
*   Brand: Funko
*   Character: Super Shredder
*   Movie: Teenage Mutant Ninja Turtles II: The Secret of the Ooze
*   Material: Vinyl
*   Height: 3.75 inches

Ready to add a touch of villainy to your collection? **Add to Cart** now and secure your Funko Pop! Super Shredder today!",,"*   Authentic Funko Pop! collectible featuring a popular TMNT villain.
*   Compact 3.75-inch size is ideal for display in any space.
*   Captures the unmistakable look of Super Shredder from the classic movie.","*   High-quality vinyl construction.
*   Stylized design for a unique collectible appeal.
*   Stands upright for easy display.","*   Brand: Funko
*   Product Type: Vinyl Figure
*   Size: 3.75-inch
*   Color: Blue
*   Style: Collectible Figure","Brand: Funko
Product Type: Vinyl Figure
Size: 3.75-inch
Color: Blue
Style: Collectible Figure
Model: 238634
Material: Vinyl
Pattern: N/A
Occasion: N/A
Features: Stylized Collectible
Dimensions: N/A
Weight: 0 lbs","Funko Pop
Teenage Mutant Ninja Turtles
TMNT
Super Shredder
Vinyl Figure
Collectible Toy
Movie Memorabilia
90s Cartoon
Action Figure
Pop Culture
Blue Figure
Funko Collector
TMNT Fan Gift
Secret of the Ooze","Condition: New
EAN: 889698565189
Google Category: Toys & Games > Toys > Dolls, Playsets & Toy Figures
Currency: CAD
Lowest Recorded Price: 5.48
Highest Recorded Price: 14.95",0 lbs,,,,14.95,14.95,5.48,14.95,CAD,,,,,,Toys & Games,"Toys & Games > Toys > Dolls, Playsets & Toy Figures",,blue,xxx-large,,,,,,,,,,,,,,,,,,,,,,,,"https://covers2.booksamillion.com/covers/gift/8/89/698/565/889698565189.jpg, https://i5.walmartimages.com/asr/0b1fa81f-1512-49c5-943c-7f772c722c72.4668c57ad4bede215499f0fef98aa727.jpeg?odnHeight=450&odnWidth=450&odnBg=ffffff, https://target.scene7.com/is/image/Target/GUEST_ef1f3d7a-1fd7-4b69-8f9d-6869ad1a940b?wid=1000&hei=1000, https://dynamic.indigoimages.ca//toys/889698565189.jpg?width=200&maxheight=200, https://www.entertainmentearth.com/images/AUTOIMAGES/FU56518lg.jpg, http://media.gamestop.com/i/gamestop/11151550/Funko-POP-Movies-Teenage-Mutant-Ninja-Turtles-Secret-of-the-Ooze-Super-Shredder-5-in-Vinyl-Figure?$pdp2x$, https://images.fun.com/products/76402/1-2/funko-pop-movies-tmnt-2-super-shredder.jpg",,,,,,,,,,,,,,,,,,,,,,,,,,,,889698565189,,
1,,889698561624,New,"Funko POP! Michelangelo 3.5"" Vinyl Figure - TMNT 2 Secret of the Ooze - NEW",,Funko,238602,Cowabunga! Get your hands on the iconic Michelangelo Funko POP! from Teenage Mutant Ninja Turtles 2: Secret of the Ooze. Perfect for collectors!,"Groovy! Bring home a piece of ninja history with this awesome Funko POP! Movies: Teenage Mutant Ninja Turtles 2 - Michaelangelo vinyl figure. This collectible captures the spirit of everyone's favorite pizza-loving, nunchuck-wielding turtle in a stylish, stylized design.

This officially licensed Funko POP! is a must-have for any fan of the Teenage Mutant Ninja Turtles franchise, especially those who grew up with the classic ""Secret of the Ooze"" movie. The figure stands approximately 3.5 inches tall, making it a perfect size for displaying on your desk, shelf, or in its collector-friendly window box.

*   **Iconic Character:** Features Michelangelo, one of the most beloved Teenage Mutant Ninja Turtles.
*   **Movie Accurate:** Inspired by the Teenage Mutant Ninja Turtles 2: Secret of the Ooze film.
*   **Collectible Design:** Classic Funko POP! stylized vinyl figure.
*   **Display Ready:** Comes in a window display box for easy showcasing.
*   **Condition:** Brand New.

Don't miss out on adding this radical Michelangelo Funko POP! to your collection. It makes a fantastic gift for TMNT enthusiasts of all ages.

**Add to Cart** and let the sewer adventures begin!",,"*   Officially licensed Teenage Mutant Ninja Turtles collectible.
*   Iconic Funko POP! stylized design of Michelangelo.
*   Perfect for fans of the ""Secret of the Ooze"" movie.
*   High-quality vinyl construction for lasting display.
*   Comes in a window display box for collectors.","*   Character: Michelangelo
*   Movie: Teenage Mutant Ninja Turtles 2: Secret of the Ooze
*   Height: Approximately 3.5 inches
*   Material: Vinyl
*   Packaging: Window display box","*   Brand: Funko
*   Product Type: Vinyl Figure
*   Character Series: Movies
*   Movie Title: Teenage Mutant Ninja Turtles 2
*   Character Name: Michaelangelo","Brand: Funko
Product Type: Vinyl Figure
Size: 3.5 inches
Color: Blue
Style: Collectible Figure
Model: 238602
Material: Vinyl
Pattern: N/A
Occasion: Any
Features: Collectible, Displayable
Dimensions: N/A
Weight: 0 lbs","Funko POP
Michelangelo
Teenage Mutant Ninja Turtles
TMNT
Secret of the Ooze
Vinyl Figure
Collectible Toy
Movie Memorabilia
80s Nostalgia
90s Nostalgia
Superhero Toy
Action Figure
Funko Pop Movies
Ninja Turtle Collectible
Blue Ranger (Note: This is an assumption based on color, may not be accurate.)
Geek Culture","SKU:
Condition: New
GTIN:
EAN: 889698561624
Google ID #: Toys & Games
Google Category: Toys & Games > Toys > Dolls, Playsets & Toy Figures
ePID:
Currency:
Lowest Recorded Price: 8.39
Highest Recorded Price: 19.09
Upload Status:
Image 1: https://covers1.booksamillion.com/covers/gift/8/89/698/561/889698561624.jpg
Image 2: https://i5.walmartimages.com/asr/734e6567-0e6a-40d5-8284-56e252fc62b7.dadd19f2379e13fec69bf512ae86f7ff.png?odnHeight=450&odnWidth=450&odnBg=ffffff
Image 3: https://www.entertainmentearth.com/images/AUTOIMAGES/FU56162lg.jpg
Image 4: http://site.unbeatablesale.com/MNMR102408.JPG
Image 5: http://media.gamestop.com/i/gamestop/11151546/Funko-POP-Movies-Teenage-Mutant-Ninja-Turtles-Secret-of-the-Ooze-Michelangelo-3.5-in-Vinyl-Figure?$pdp$
Image 6: https://images.fun.com/products/76398/1-2/funko-pop-movies-tmnt-2-michaelangelo.jpg
Image 7:
Image 8:
Image 9:
Image 10:
Image 11:
Image 12:",0 lbs,,,,19.09,19.09,8.39,19.09,,,,,,,Toys & Games,"Toys & Games > Toys > Dolls, Playsets & Toy Figures",,blue,xxx-large,,,,,,,,,,,,,,,,,,,,,,,,"https://covers1.booksamillion.com/covers/gift/8/89/698/561/889698561624.jpg, https://i5.walmartimages.com/asr/734e6567-0e6a-40d5-8284-56e252fc62b7.dadd19f2379e13fec69bf512ae86f7ff.png?odnHeight=450&odnWidth=450&odnBg=ffffff, https://www.entertainmentearth.com/images/AUTOIMAGES/FU56162lg.jpg, http://site.unbeatablesale.com/MNMR102408.JPG, http://media.gamestop.com/i/gamestop/11151546/Funko-POP-Movies-Teenage-Mutant-Ninja-Turtles-Secret-of-the-Ooze-Michelangelo-3.5-in-Vinyl-Figure?$pdp$, https://images.fun.com/products/76398/1-2/funko-pop-movies-tmnt-2-michaelangelo.jpg",,,,,,,,,,,,,,,,,,,,,,,,,,,,889698561624,,
1,,889698606493,New,TMNT Comic Raphael Pop! Vinyl Figure - Previews Exclusive | Funko,,Funko,295490,"Get the iconic TMNT Comic Raphael Pop! Vinyl Figure, a Previews Exclusive! This cell-shaded vinyl collectible stands 3.75"" tall and captures Raphael's classic comic look.","Cowabunga, collectors! Bring the legendary Eastman and Laird's Teenage Mutant Ninja Turtles into your Pop! collection with this exclusive Comic Raphael Vinyl Figure! This dynamic figure showcases Raphael in a stylized look that leaps straight off the page, featuring a striking comics-inspired cell-shaded design.

Equipped with his signature sai and sporting his classic red bandana, this Raphael Pop! Vinyl Figure is a must-have for any TMNT fan. Standing approximately 3 3/4-inches tall, it comes securely packaged in a collector-friendly window box, perfect for display.",,"*   Rare Previews Exclusive edition.
*   Authentic comic book art style.
*   High-quality Funko Pop! collectible.
*   Perfect for display and gifting.
*   Celebrates the original TMNT comic roots.","*   **Previews Exclusive:** A special edition for dedicated collectors.
*   **Comics-Inspired Design:** Features a unique cell-shaded look straight from the original comics.
*   **Iconic Character:** Captures Raphael in his classic pose with sai.
*   **Collector-Friendly Packaging:** Comes in a clear window box for easy display and protection.
*   **Quality Craftsmanship:** Made by Funko for durable and detailed collectible.","*   **Height:** Approximately 3 3/4 inches
*   **Brand:** Funko
*   **Character:** Raphael
*   **Franchise:** Teenage Mutant Ninja Turtles Comics
*   **Color:** Green","Brand: Funko
Product Type: Vinyl Figure
Size: 3.75""
Color: Green
Style: Pop! Vinyl
Model: 295490
Material: Vinyl
Pattern: Solid
Occasion: Any
Features: Exclusive, Cell-Shaded Design
Dimensions: N/A
Weight: 1.0000 pounds","Teenage Mutant Ninja Turtles
TMNT
Raphael
Pop! Vinyl
Funko
Previews Exclusive
Comic Book
80s Cartoon
90s Cartoon
Collectible
Vinyl Toy
Action Figure
Ninja
Sai
Turtle
Superhero
Nostalgia
Gift for Fans
Comic Collectible
Pop Culture","Condition: New
EAN: 889698606493
Google ID #: Arts & Entertainment
Google Category: Arts & Entertainment
Lowest Recorded Price: 7.27
Highest Recorded Price: 16.79",1.0000 pounds,,,,16.79,16.79,7.27,16.79,,,,,,,Arts & Entertainment,Arts & Entertainment,,green,,,,,,,,,,,,,,,,,,,,,,,,,"https://i5.walmartimages.com/asr/027f2f94-6184-4f43-a38d-ebd3dbad3eb3.dee7d1c4d0a808b382b52486bfcc878f.jpeg?odnHeight=450&odnWidth=450&odnBg=ffffff, https://covers2.booksamillion.com/covers/gift/8/89/698/606/889698606493.jpg, https://www.entertainmentearth.com/images/AUTOIMAGES/DC218993lg.jpg, http://media.gamestop.com/i/gamestop/11171884/Funko-POP-Comics-Teenage-Mutant-Ninja-Turtles-Raphael-Vinyl-Figure?$pdp$, https://cdn3.ykso.co/images/2022/09/22/14/632ca9396b446c1a4560dfd6-transformed.jpg, https://www.tfaw.com/media/catalog/product/s/t/stl195227.jpg, https://images.fun.com/products/83074/1-2/pop-comics-tmnt-raphael-px-previews-exclusive-figure.jpg",,,,,,,,,,,,,,,,,,,,,,,,,,,,889698606493,,
1,,889698606486,New,TMNT Comic Donatello Funko Pop! Vinyl Figure - PREVIEWS Exclusive,,Funko,295481,PREVIEWS Exclusive TMNT Comic Donatello Funko Pop! Features comics-inspired cell shading & bo staff. Includes rare B&W chase variant! A must-have collectible.,"Cowabunga, collectors! Get ready to add a legendary hero to your Funko collection with the **Teenage Mutant Ninja Turtles Comic Donatello Pop! Vinyl Figure**, a **PREVIEWS Exclusive**! Straight from the groundbreaking comics by Eastman & Laird, this Donatello figure brings the iconic Turtle to life with a fantastic comics-inspired cell-shaded design.

Donnie is ready to defend your shelves, equipped with his signature bo staff and sporting the classic red bandana. Standing approximately 3 3/4 inches tall, this Pop! Vinyl figure is a perfect addition for any fan of the original TMNT phenomenon.

As a special bonus, this exclusive release includes a **super rare black and white chase variant**, capturing that authentic, classic indie comic book look!

Each PREVIEWS Exclusive TMNT Pop! figure comes securely packaged in a branded window box, making them perfect for display.

**Key Features:**
*   **PREVIEWS Exclusive!**
*   Inspired by the original Eastman & Laird TMNT comics.
*   Unique comics-inspired cell-shaded design.
*   Includes Donatello's iconic bo staff.
*   Features a highly sought-after black and white chase variant (randomly packed).
*   Comes in a collectible branded window box.
*   Approximately 3 3/4 inches tall.
*   Item Condition: New.

Bring the revolutionary world of TMNT to your collection. **Add to Cart** today to grab your Donatello Pop! Vinyl before they're gone!",,"*   Rare PREVIEWS Exclusive edition.
*   Authentic comics-inspired design.
*   Includes a rare black and white chase variant.","*   Cell-shaded design
*   Bo staff accessory
*   Classic red bandana
*   Collectible window box packaging","*   Brand: Funko
*   Character: Donatello
*   Franchise: Teenage Mutant Ninja Turtles (TMNT)
*   Height: Approximately 3 3/4 inches","Brand: Funko
Product Type: Vinyl Figure
Size: 3.75-inch Scale
Color: Green
Style: Comics-Inspired
Model: 295481
Material: Vinyl
Pattern: N/A
Occasion: Collection
Features: Chase Variant Available
Dimensions: N/A
Weight: 1.0000 pounds","Teenage Mutant Ninja Turtles
TMNT
Donatello
Funko Pop
Vinyl Figure
PREVIEWS Exclusive
Comics
Eastman & Laird
Collectible
Toy
Action Figure
Pop Vinyl
Ninja Turtle
80s Cartoons
90s Cartoons
Pop Culture","SKU: N/A
Condition: New
GTIN: N/A
EAN: 889698606486
Google ID #: Arts & Entertainment
Google Category: Arts & Entertainment
ePID: N/A
Currency: N/A
Lowest Recorded Price: 7.27
Highest Recorded Price: 14.99
Upload Status: N/A
Image 1: https://i5.walmartimages.com/asr/416a4dbf-52a1-4076-9059-ff6ff286fa23.f8f309d9a2da1b14fa1992a661539f30.jpeg?odnHeight=450&odnWidth=450&odnBg=ffffff
Image 2: https://covers3.booksamillion.com/covers/gift/8/89/698/606/889698606486.jpg
Image 3: https://www.entertainmentearth.com/images/AUTOIMAGES/DC218990lg.jpg
Image 4: http://media.gamestop.com/i/gamestop/11171883/Funko-POP-Comics-Teenage-Mutant-Ninja-Turtles-Donatello-Vinyl-Figure?$pdp$
Image 5: https://www.tfaw.com/media/catalog/product/s/t/stl195225.jpg
Image 6: https://images.fun.com/products/83071/1-2/pop-comics-tmnt-donatello-px-vinyl-figure.jpg
Image 7: N/A
Image 8: N/A
Image 9: N/A
Image 10: N/A
Image 11: N/A
Image 12: N/A",1.0000 pounds,,,,14.99,14.99,7.27,14.99,,,,,,,Arts & Entertainment,Arts & Entertainment,,green,,,,,,,,,,,,,,,,,,,,,,,,,"https://i5.walmartimages.com/asr/416a4dbf-52a1-4076-9059-ff6ff286fa23.f8f309d9a2da1b14fa1992a661539f30.jpeg?odnHeight=450&odnWidth=450&odnBg=ffffff, https://covers3.booksamillion.com/covers/gift/8/89/698/606/889698606486.jpg, https://www.entertainmentearth.com/images/AUTOIMAGES/DC218990lg.jpg, http://media.gamestop.com/i/gamestop/11171883/Funko-POP-Comics-Teenage-Mutant-Ninja-Turtles-Donatello-Vinyl-Figure?$pdp$, https://www.tfaw.com/media/catalog/product/s/t/stl195225.jpg, https://images.fun.com/products/83071/1-2/pop-comics-tmnt-donatello-px-vinyl-figure.jpg",,,,,,,,,,,,,,,,,,,,,,,,,,,,889698606486,,
1,,889698615235,New,"Funko Pop! Marvel Mech Strike Monster Hunter Green Goblin Bobblehead (5.25"")",,Funko,324905,Gear up for monstrous battles with Pop! Green Goblin from Marvel's Mech Strike Monster Hunter series! This 5.25-inch vinyl bobblehead is a must-have.,"Prepare your collection for epic showdowns with the Funko Pop! Marvel: Mech Strike Monster Hunter - Green Goblin Vinyl Bobblehead! Monstrous villains mean serious armor upgrades to tackle the task. Complete your Marvel Mech Strike Monster Hunter series by adding this formidable Pop! Green Goblin to your display.

This officially licensed vinyl bobblehead is a fantastic addition for any Marvel fan, especially those who love the gritty alternate universe of Mech Strike. The intricate design captures the menacing presence of Green Goblin in his enhanced, armor-clad form, ready to face any threat.

**Key Features:**

*   **Iconic Character:** Features the popular Marvel villain Green Goblin.
*   **Mech Strike Design:** Part of the exciting Marvel Mech Strike Monster Hunter series.
*   **High-Quality Vinyl:** Durable and detailed vinyl construction for lasting display.
*   **Bobblehead Action:** Classic bobblehead feature adds a fun, dynamic element.
*   **Collectible Size:** Approximately 5.25 inches tall, perfect for shelves and display cases.

**Specifications:**

*   **Brand:** Funko
*   **Series:** Marvel Mech Strike Monster Hunter
*   **Character:** Green Goblin
*   **Material:** Vinyl
*   **Height:** Approximately 5.25 inches

This collectible is brand new and ready to ship. Don't miss out on completing your Marvel Mech Strike Monster Hunter set! **Add to Cart today!**",,"*   Collectible from the exclusive Marvel Mech Strike Monster Hunter series.
*   Stands approximately 5.25 inches tall, a substantial size for display.
*   Features the iconic Green Goblin in a unique, armored design.
*   Officially licensed Funko Pop! vinyl bobblehead.
*   Perfect for Marvel collectors and fans of the Mech Strike storyline.","*   Marvel Mech Strike Monster Hunter Green Goblin Vinyl Bobblehead.
*   Approximately 5.25 inches tall.
*   Durable vinyl construction.
*   Classic bobblehead movement.
*   Highly detailed design.","*   Brand: Funko
*   Product Type: Vinyl Bobblehead
*   Size: 5.25 inches
*   Color: Multicolor
*   Model: 324905
*   Material: Vinyl
*   Weight: 1.06lb",,"Funko Pop
Marvel
Green Goblin
Mech Strike
Monster Hunter
Vinyl Bobblehead
Collectible
Action Figure
Marvel Merch
Superhero
Villain
Toys
Gaming
Pop Culture
Display Figure
New Toy
Funko Collector","SKU:
Condition: New
GTIN:
EAN: 889698615235
Google ID #: Toys & Games
Google Category: Toys & Games > Toys > Dolls, Playsets & Toy Figures
ePID:
Currency:
Lowest Recorded Price: 6.23
Highest Recorded Price: 21.99
Upload Status:
Image 1: https://i5.walmartimages.com/asr/fbb77d64-33cb-404b-8e64-7038c481b98f.3609642d16eeda2f12969441f2667780.jpeg?odnHeight=450&odnWidth=450&odnBg=ffffff
Image 2: https://covers4.booksamillion.com/covers/gift/8/89/698/615/889698615235.jpg
Image 3: https://slimages.macysassets.com/is/image/MCY/products/4/optimized/23345674_fpx.tif?wid=1200&fmt=jpeg&qlt=100
Image 4: https://target.scene7.com/is/image/Target/GUEST_47cee0ac-3eef-437b-a724-df316e4e3ad0?wid=1000&hei=1000
Image 5: https://c1.neweggimages.com/ProductImageCompressAll640/86-731-256-03.png
Image 6: https://www.entertainmentearth.com/images/AUTOIMAGES/FU61523lg.jpg
Image 7: http://site.unbeatablesale.com/MNMR110260.JPG
Image 8: http://media.gamestop.com/i/gamestop/11176158/Funko-POP-Marvel-Mech-Strike-Monster-Hunters-Green-Goblin-Vinyl-Bobblehead?$pdp2x$
Image 9: https://www.tfaw.com/media/catalog/product/s/t/stl216696.jpg
Image 10: https://images.fun.com/products/81503/1-2/pop-marvel-monster-hunters-green-goblin.jpg",1.06lb,,,,21.99,21.99,6.23,21.99,,,,,,,Toys & Games,"Toys & Games > Toys > Dolls, Playsets & Toy Figures",,Multicolor,,,,,,,,,,,,,,,,,,,,,,,,,"https://i5.walmartimages.com/asr/fbb77d64-33cb-404b-8e64-7038c481b98f.3609642d16eeda2f12969441f2667780.jpeg?odnHeight=450&odnWidth=450&odnBg=ffffff, https://covers4.booksamillion.com/covers/gift/8/89/698/615/889698615235.jpg, https://slimages.macysassets.com/is/image/MCY/products/4/optimized/23345674_fpx.tif?wid=1200&fmt=jpeg&qlt=100, https://target.scene7.com/is/image/Target/GUEST_47cee0ac-3eef-437b-a724-df316e4e3ad0?wid=1000&hei=1000, https://c1.neweggimages.com/ProductImageCompressAll640/86-731-256-03.png, https://www.entertainmentearth.com/images/AUTOIMAGES/FU61523lg.jpg, http://site.unbeatablesale.com/MNMR110260.JPG, http://media.gamestop.com/i/gamestop/11176158/Funko-POP-Marvel-Mech-Strike-Monster-Hunters-Green-Goblin-Vinyl-Bobblehead?$pdp2x$, https://www.tfaw.com/media/catalog/product/s/t/stl216696.jpg, https://images.fun.com/products/81503/1-2/pop-marvel-monster-hunters-green-goblin.jpg",,,,,,,,,,,,,,,,,,,,,,,,,,,,889698615235,,
1,,889698552585,New,Funko POP! Disney It's a Small World Japan Vinyl Figure #393 (889698552585),,Funko,82247215,Bring the magic of Disney's It's a Small World home with this collectible Funko POP! Japan vinyl figure.,"Discover the joy of global connection with the Funko POP! Disney: It's a Small World - Japan Vinyl Figure. This charming collectible captures the iconic spirit of the beloved theme park attraction, celebrating cultures from around the world. Perfect for Disney enthusiasts and Funko POP! collectors alike, this figure is a delightful addition to any display.

*   ** Iconic Design:** Features the distinctive styling of Funko POP! figures, bringing a familiar and beloved character to life.
*   ** Celebrate Japan:** This specific edition represents the vibrant culture and artistry of Japan's contribution to the ""It's a Small World"" experience.
*   ** Collectible Quality:** Made from high-quality vinyl, ensuring durability and a premium feel for your collection.
*   ** Perfect for Display:** Standing approximately 3.5 inches tall, it's ideal for desks, shelves, or any space that needs a touch of Disney magic.

**Condition:** New

Ready to add this piece of Disney history to your collection? Add to Cart now!",,"*   Exclusive ""It's a Small World"" Japan edition for dedicated collectors.
*   Iconic Funko POP! style that appeals to fans of all ages.
*   A delightful souvenir celebrating global culture and Disney magic.","*   Officially licensed Disney collectible.
*   Durable vinyl construction.
*   Stands approximately 3.5 inches tall.","*   Brand: Funko
*   Product Type: Vinyl Figure
*   Color: Blue (as indicated in general attributes)
*   Model: 82247215","Brand: Funko
Product Type: Vinyl Figure
Size: 3.5 inches (approx.)
Color: Blue
Style: Collectible Figure
Model: 82247215
Material: Vinyl
Pattern: N/A
Occasion: Any
Features: Collectible
Dimensions: N/A
Weight: 1 lb","Funko POP!
Disney
It's a Small World
Japan
Vinyl Figure
Collectible Toy
Disney Merchandise
Funko Collector
Pop Vinyl
Disney Parks
Japan Culture
Toys & Games
Action Figure
Pop Culture
Character Figure","SKU:
Condition: New
GTIN:
EAN: 889698552585
Google ID #: Toys & Games
Google Category: Toys & Games > Toys > Dolls, Playsets & Toy Figures > Action & Toy Figures
ePID:
Currency:
Lowest Recorded Price: 5.58
Highest Recorded Price: 14.39
Upload Status:
Image 1: http://mediacdn.aent-m.com/prod-img/500/01/3935201-2702239.jpg
Image 2: https://covers2.booksamillion.com/covers/gift/8/89/698/552/889698552585.jpg
Image 3: https://i5.walmartimages.com/asr/0561783b-abf5-40e8-aa36-148e55df2b2b.a83a8179e708c3108ecfcea0c4befeab.png?odnHeight=450&odnWidth=450&odnBg=ffffff
Image 4: https://target.scene7.com/is/image/Target/GUEST_b78438c4-f655-4bce-af04-4e0f1d843913?wid=1000&hei=1000
Image 5: https://www.entertainmentearth.com/images/AUTOIMAGES/FU55258lg.jpg
Image 6: https://i5.walmartimages.ca/images/Large/289/335/6000204289335.jpg
Image 7: http://media.gamestop.com/i/gamestop/11140805/Funko-POP-Disney-Small-World-Japan-3.5-in-Vinyl-Figure?$pdp$
Image 8: https://www.tfaw.com/media/catalog/product/J/U/JUL212705_1.jpg
Image 9: https://images.fun.com/products/74355/1-2/pop-disney-small-world-japan.jpg
Image 10:
Image 11:
Image 12:",1 lb,,,,14.39,14.39,5.58,14.39,,,,,,,Toys & Games,"Toys & Games > Toys > Dolls, Playsets & Toy Figures > Action & Toy Figures",,blue,,,,,,,,,,,,,,,,,,,,,,,,,"http://mediacdn.aent-m.com/prod-img/500/01/3935201-2702239.jpg, https://covers2.booksamillion.com/covers/gift/8/89/698/552/889698552585.jpg, https://i5.walmartimages.com/asr/0561783b-abf5-40e8-aa36-148e55df2b2b.a83a8179e708c3108ecfcea0c4befeab.png?odnHeight=450&odnWidth=450&odnBg=ffffff, https://target.scene7.com/is/image/Target/GUEST_b78438c4-f655-4bce-af04-4e0f1d843913?wid=1000&hei=1000, https://www.entertainmentearth.com/images/AUTOIMAGES/FU55258lg.jpg, https://i5.walmartimages.ca/images/Large/289/335/6000204289335.jpg, http://media.gamestop.com/i/gamestop/11140805/Funko-POP-Disney-Small-World-Japan-3.5-in-Vinyl-Figure?$pdp$, https://www.tfaw.com/media/catalog/product/J/U/JUL212705_1.jpg, https://images.fun.com/products/74355/1-2/pop-disney-small-world-japan.jpg",,,,,,,,,,,,,,,,,,,,,,,,,,,,889698552585,,
1,,889698561655,New,"Funko Pop! TMNT 2 Tokka Vinyl Figure - 4"" Collectible Toy (New)",,Funko,238608,"Bring the action home! This 4"" Funko Pop! Tokka vinyl figure from TMNT 2 is ready to join your mutant ninja turtle collection.","Get ready for some serious shell-shock! Splinter and the turtles won't know what hit them with this awesome Funko Pop! Vinyl Figure of Tokka from Teenage Mutant Ninja Turtles 2: Secret of the Ooze.

This highly detailed vinyl figure captures Tokka in all his powerful glory, perfect for any TMNT fan. Whether you're a seasoned collector or just starting your journey, this Tokka figure is a must-have addition.

**Key Features:**

*   **Iconic Character:** Based on the popular villain Tokka from Teenage Mutant Ninja Turtles 2.
*   **Collectible Size:** Stands approximately 4 inches tall, perfect for display.
*   **Quality Craftsmanship:** Durable vinyl construction for lasting enjoyment.
*   **Ready for Action:** Designed to complement your existing Teenage Mutant Ninja Turtles collection, especially alongside Rahzar.
*   **Brand New:** This collectible is in new condition, ready to be added to your display.

Don't miss out on the chance to own this fantastic piece of TMNT memorabilia. **Add to Cart now and add Tokka to your collection!**",,"*   Authentic Funko Pop! collectible featuring the iconic Tokka character.
*   Directly from Teenage Mutant Ninja Turtles 2, a fan-favorite movie.
*   Perfect size for displaying on shelves, desks, or in display cases.","*   Vinyl figure
*   Approximately 4 inches tall
*   Features Tokka from TMNT 2
*   Collect all your favorite TMNT characters","*   Brand: Funko
*   Product Type: Vinyl Figure
*   Size: 4-inch scale
*   Color: Blue
*   Model: 238608","Brand: Funko
Product Type: Vinyl Figure
Size: xxx-large
Color: blue
Style: Collectible
Model: 238608
Material: Vinyl
Pattern: Solid
Occasion: Any
Features: Character Figure
Dimensions: N/A
Weight: 0 lbs","Funko Pop
Teenage Mutant Ninja Turtles
TMNT
Tokka
Vinyl Figure
Collectible Toy
Movies
Secret of the Ooze
Kids Toy
Adult Collectible
Pop Culture
Superhero Toy
Movie Memorabilia
Action Figure
Funko Collector
4 Inch Figure
Blue Toy","SKU: N/A
Condition: New
GTIN: N/A
EAN: 889698561655
Google ID #: Toys & Games
Google Category: Toys & Games > Toys > Dolls, Playsets & Toy Figures
ePID: N/A
Currency: CAD
Lowest Recorded Price: 5.99
Highest Recorded Price: 14.95
Upload Status: N/A
Image 1: https://i5.walmartimages.com/asr/364f0700-b15c-4705-a79e-51b3cd0508e4.e962801ece6341e537141752cb4ee08e.png?odnHeight=450&odnWidth=450&odnBg=ffffff
Image 2: https://covers4.booksamillion.com/covers/gift/8/89/698/561/889698561655.jpg
Image 3: https://dynamic.indigoimages.ca//toys/889698561655.jpg?width=200&maxheight=200
Image 4: https://www.entertainmentearth.com/images/AUTOIMAGES/FU56165lg.jpg
Image 5: http://media.gamestop.com/i/gamestop/11151549/Funko-POP-Movies-Teenage-Mutant-Ninja-Turtles-Secret-of-the-Ooze-Tokka-4-in-Vinyl-Figure?$pdp$
Image 6: https://images.fun.com/products/76401/1-2/funko-pop-movies-tmnt-2-tokka.jpg",0 lbs,,,,14.95,14.95,5.99,14.95,CAD,,,,,,Toys & Games,"Toys & Games > Toys > Dolls, Playsets & Toy Figures",,blue,xxx-large,,,,,,,,,,,,,,,,,,,,,,,,"https://i5.walmartimages.com/asr/364f0700-b15c-4705-a79e-51b3cd0508e4.e962801ece6341e537141752cb4ee08e.png?odnHeight=450&odnWidth=450&odnBg=ffffff, https://covers4.booksamillion.com/covers/gift/8/89/698/561/889698561655.jpg, https://dynamic.indigoimages.ca//toys/889698561655.jpg?width=200&maxheight=200, https://www.entertainmentearth.com/images/AUTOIMAGES/FU56165lg.jpg, http://media.gamestop.com/i/gamestop/11151549/Funko-POP-Movies-Teenage-Mutant-Ninja-Turtles-Secret-of-the-Ooze-Tokka-4-in-Vinyl-Figure?$pdp$, https://images.fun.com/products/76401/1-2/funko-pop-movies-tmnt-2-tokka.jpg",,,,,,,,,,,,,,,,,,,,,,,,,,,,889698561655,,